1 , 0 , 172.20.10.1 , 15449
2 , 16509 , 172.26.241.63 , 1500
2 , 16509 , 172.26.242.113 , 1455
2 , 16509 , 172.26.241.133 , 444
2 , 16509 , 172.26.242.53 , 804
2 , 16509 , 172.26.241.113 , 1410
2 , -1 ,  , 1
2 , 16509 , 172.26.242.123 , 714
2 , 16509 , 172.26.241.53 , 552
2 , 16509 , 172.26.242.63 , 6058
2 , 16509 , 172.26.241.123 , 2505
3 , -1 ,  , 116
3 , 16509 , 172.26.236.2 , 15155
4 , 0 , 172.26.96.11 , 3104
4 , -1 ,  , 1
4 , 0 , 172.26.96.10 , 2928
4 , 0 , 172.26.96.3 , 4810
4 , 0 , 172.26.96.2 , 4587
5 , 0 , 172.26.96.193 , 15425
5 , -1 ,  , 4
6 , 0 , 172.16.120.50 , 1500
6 , 0 , 172.16.121.113 , 13908
7 , 7018 , 12.249.2.49 , 13890
7 , 7018 , 12.249.2.53 , 1500
7 , -1 ,  , 1
8 , 7018 , 12.83.180.82 , 13676
8 , 7018 , 12.83.180.85 , 105
8 , -1 ,  , 3
8 , 7018 , 12.83.180.94 , 1395
8 , 7018 , 12.83.180.86 , 210
9 , 7018 , 12.122.86.197 , 310
9 , 7018 , 12.122.114.9 , 245
9 , 7018 , 12.122.110.5 , 8
9 , 7018 , 12.122.110.57 , 56
9 , -1 ,  , 3
9 , 7018 , 12.123.15.161 , 18
9 , 7018 , 12.122.2.42 , 42
9 , 7018 , 12.123.15.250 , 45
9 , 7018 , 12.122.81.201 , 123
9 , 7018 , 12.122.28.58 , 24
9 , 7018 , 12.123.15.165 , 18
9 , 7018 , 12.122.149.137 , 126
9 , 7018 , 12.122.137.53 , 3
9 , 7018 , 12.123.15.169 , 30
9 , 7018 , 12.122.200.13 , 198
9 , 7018 , 12.122.30.145 , 129
9 , 7018 , 12.122.114.89 , 6
9 , 7018 , 12.122.114.17 , 196
9 , 7018 , 12.122.114.29 , 1299
9 , 7018 , 12.122.149.133 , 435
9 , 7018 , 12.122.200.9 , 1703
9 , 7018 , 12.122.86.89 , 510
9 , 7018 , 12.122.28.54 , 54
9 , 7018 , 12.122.114.13 , 245
9 , 7018 , 12.122.31.193 , 45
9 , 7018 , 12.122.3.69 , 135
9 , 7018 , 12.122.30.121 , 18
9 , 7018 , 12.122.86.201 , 45
9 , 7018 , 12.122.4.122 , 1087
9 , 7018 , 12.123.15.110 , 410
9 , 7018 , 12.122.114.5 , 3710
9 , 7018 , 12.122.81.73 , 1293
9 , 7018 , 12.122.1.118 , 790
9 , 7018 , 12.83.180.82 , 105
9 , 7018 , 12.122.3.122 , 1544
9 , 7018 , 12.122.3.70 , 111
9 , 7018 , 12.83.180.94 , 210
9 , 7018 , 12.122.86.121 , 51
10 , 7018 , 12.122.146.81 , 12
10 , 7018 , 12.249.51.146 , 56
10 , 0 , 64.125.12.117 , 452
10 , 7018 , 12.122.137.41 , 47
10 , 0 , 144.232.1.69 , 186
10 , 7018 , 12.123.159.17 , 12
10 , 7018 , 12.123.157.21 , 26
10 , 7018 , 12.122.30.114 , 42
10 , 7018 , 12.122.133.121 , 3
10 , -1 ,  , 478
10 , 7018 , 12.122.146.29 , 3
10 , 0 , 192.205.37.86 , 410
10 , 0 , 192.205.34.154 , 3
10 , 7018 , 12.122.31.190 , 233
10 , 7018 , 12.122.133.197 , 5
10 , 7018 , 12.122.30.126 , 18
10 , 7018 , 12.122.114.21 , 554
10 , 7018 , 12.122.28.58 , 24
10 , 15169 , 209.85.249.3 , 1
10 , 7018 , 12.122.90.33 , 37
10 , 7018 , 12.123.15.237 , 15
10 , 7018 , 12.122.133.81 , 16
10 , 0 , 192.205.37.66 , 42
10 , 7018 , 12.122.110.109 , 213
10 , 0 , 192.205.36.2 , 762
10 , 7018 , 12.122.3.46 , 12
10 , 7018 , 12.122.146.5 , 3
10 , 1299 , 80.91.252.152 , 1
10 , 7018 , 12.122.128.181 , 58
10 , 7018 , 12.122.136.37 , 3
10 , 0 , 192.205.32.50 , 75
10 , 7018 , 12.122.30.142 , 103
10 , 0 , 192.205.37.186 , 3
10 , 0 , 192.205.37.190 , 308
10 , 7018 , 12.122.85.85 , 134
10 , 7018 , 12.123.15.241 , 15
10 , 0 , 192.205.37.58 , 1425
10 , 7018 , 12.122.137.37 , 32
10 , 7018 , 12.122.133.234 , 44
10 , 7018 , 12.123.30.17 , 27
10 , 7018 , 12.122.31.193 , 146
10 , 0 , 192.205.33.98 , 967
10 , 7018 , 12.122.85.81 , 126
10 , 7018 , 12.122.114.73 , 6
10 , 7018 , 12.122.144.17 , 3
10 , 0 , 192.205.33.50 , 216
10 , 3549 , 208.51.134.1 , 70
10 , 7018 , 12.122.18.22 , 390
10 , 7018 , 12.122.30.145 , 57
10 , 7018 , 12.122.90.29 , 51
10 , 7018 , 12.122.110.21 , 15
10 , 0 , 192.205.36.234 , 71
10 , 0 , 192.205.37.2 , 214
10 , 0 , 192.205.32.210 , 1032
10 , 7018 , 12.122.137.117 , 15
10 , 7018 , 12.122.104.13 , 388
10 , 7018 , 12.123.30.109 , 9
10 , 3549 , 208.178.58.185 , 73
10 , 7018 , 12.123.7.109 , 132
10 , 7018 , 12.122.251.126 , 6
10 , 0 , 192.205.33.46 , 211
10 , 7018 , 12.122.137.113 , 39
10 , 7018 , 12.122.4.122 , 99
10 , 7018 , 12.122.80.77 , 6
10 , 7018 , 12.91.205.18 , 8
10 , 3257 , 77.67.78.93 , 24
10 , 7018 , 12.122.1.118 , 84
10 , 7018 , 12.122.28.61 , 21
10 , 7018 , 12.122.2.218 , 3
10 , 7018 , 12.250.30.18 , 3
10 , 7018 , 12.122.146.77 , 18
10 , 7018 , 12.122.2.166 , 419
10 , 7018 , 12.122.80.29 , 3
10 , 7018 , 12.123.30.5 , 178
10 , 7018 , 12.122.2.42 , 17
10 , 0 , 192.205.32.46 , 70
10 , 7018 , 12.123.132.130 , 141
10 , 7018 , 12.122.2.206 , 212
10 , 7018 , 12.122.28.54 , 134
10 , 7018 , 12.122.2.54 , 241
10 , 7018 , 12.122.136.113 , 6
10 , 0 , 192.205.33.38 , 211
10 , 7018 , 12.122.31.22 , 39
10 , 7018 , 12.123.46.5 , 9
10 , 174 , 154.54.11.45 , 552
11 , 13385 , 216.221.156.66 , 3
11 , 3356 , 4.69.152.126 , 824
11 , 7018 , 12.123.206.193 , 3
11 , 1226 , 205.225.130.194 , 26
11 , -1 ,  , 131
11 , 7922 , 68.86.88.109 , 30
11 , 3257 , 141.136.111.238 , 1
11 , 6453 , 209.58.116.86 , 15
11 , 26415 , 199.16.95.150 , 3
11 , 7018 , 12.122.114.21 , 57
11 , 209 , 205.171.155.34 , 3
11 , 7018 , 12.249.231.26 , 14
11 , 3356 , 4.69.152.4 , 10
11 , 15239 , 64.208.170.138 , 3
11 , 3356 , 4.69.152.203 , 2
11 , 209 , 205.171.12.146 , 32
11 , 7018 , 12.122.110.109 , 25
11 , 0 , 204.255.168.133 , 152
11 , 7018 , 12.122.251.138 , 5
11 , 3356 , 4.69.152.70 , 7
11 , 1299 , 80.91.254.176 , 14
11 , 7018 , 12.122.2.54 , 21
11 , 7922 , 68.86.87.149 , 3
11 , 1221 , 64.208.241.65 , 3
11 , 7018 , 12.122.146.25 , 26
11 , 0 , 192.205.35.162 , 167
11 , 3549 , 208.50.81.155 , 3
11 , 0 , 206.28.98.69 , 9
11 , 22566 , 67.17.73.81 , 30
11 , 3549 , 64.211.162.153 , 3
11 , 22566 , 67.17.192.142 , 12
11 , 7018 , 12.122.30.150 , 66
11 , 3257 , 89.149.180.21 , 6
11 , 6453 , 209.58.116.126 , 13
11 , 7018 , 12.122.18.22 , 45
11 , 1299 , 213.248.70.190 , 253
11 , 7018 , 12.123.158.133 , 15
11 , 3356 , 4.69.152.84 , 21
11 , 7018 , 12.122.146.81 , 18
11 , 3257 , 141.136.110.14 , 2
11 , 7018 , 12.122.148.13 , 6
11 , 3356 , 4.69.152.62 , 858
11 , 7018 , 12.123.7.109 , 12
11 , 3549 , 64.210.31.162 , 17
11 , 3549 , 64.208.126.105 , 3
11 , 3356 , 4.79.238.18 , 15
11 , 3257 , 89.149.182.134 , 1
11 , 7018 , 12.249.203.10 , 14
11 , 3356 , 4.69.152.148 , 15
11 , 3356 , 4.69.152.198 , 7
11 , 7922 , 68.86.87.9 , 36
11 , 0 , 204.70.198.141 , 2
11 , 209 , 205.171.213.178 , 50
11 , 3549 , 206.41.25.162 , 6
11 , 174 , 66.28.4.54 , 2
11 , 7018 , 12.122.2.206 , 12
11 , 3257 , 89.149.186.186 , 2
11 , 7018 , 12.249.231.14 , 245
11 , 7018 , 12.250.16.18 , 3
11 , 3356 , 4.79.238.66 , 6
11 , 22566 , 67.16.134.26 , 17
11 , 7018 , 12.122.28.105 , 15
11 , 3356 , 4.69.152.254 , 854
11 , 7018 , 12.88.177.30 , 26
11 , 7018 , 12.122.30.114 , 35
11 , 3549 , 64.211.194.94 , 3
11 , 0 , 192.205.37.102 , 27
11 , 2828 , 216.156.84.106 , 6
11 , 7018 , 12.123.10.250 , 83
11 , 2828 , 207.88.14.225 , 246
11 , 7018 , 12.122.128.141 , 3
11 , 3356 , 4.69.152.208 , 1
11 , 1221 , 64.208.241.27 , 6
11 , 7018 , 12.122.133.81 , 3
11 , 3257 , 89.149.184.149 , 1
11 , 1226 , 205.225.130.210 , 30
11 , 3549 , 64.210.12.62 , 21
11 , 3356 , 4.69.152.68 , 9
11 , 0 , 206.28.98.117 , 315
11 , 7018 , 12.123.10.137 , 291
11 , 2914 , 129.250.194.162 , 59
11 , 7922 , 68.86.86.49 , 29
11 , 0 , 64.214.150.82 , 9
11 , 1299 , 213.155.135.128 , 28
11 , 7018 , 12.123.206.245 , 3
11 , 209 , 205.171.228.42 , 3
11 , 3356 , 4.69.152.139 , 3
11 , 0 , 64.125.30.177 , 149
11 , 6453 , 209.58.116.122 , 20
11 , 22566 , 67.17.105.5 , 32
11 , 3356 , 4.69.152.142 , 3
11 , 7018 , 12.122.133.165 , 56
11 , 3356 , 4.69.152.196 , 6
11 , 3549 , 64.209.106.226 , 3
11 , 7018 , 12.123.130.37 , 6
11 , 174 , 154.54.86.110 , 3
11 , 7018 , 12.118.34.10 , 21
11 , 0 , 144.232.7.145 , 123
11 , 7018 , 12.122.128.137 , 3
11 , 7018 , 12.122.128.145 , 3
11 , 0 , 64.214.196.26 , 8
11 , 6453 , 206.82.141.21 , 8
11 , 7018 , 12.123.206.237 , 6
11 , 174 , 154.54.82.90 , 15
11 , 7018 , 12.123.46.5 , 26
11 , 209 , 205.171.12.110 , 34
11 , 2914 , 129.250.5.56 , 118
11 , 7018 , 12.122.3.46 , 116
11 , 3356 , 4.69.152.134 , 3
11 , 1299 , 213.155.135.158 , 24
11 , 1299 , 80.91.253.69 , 26
11 , 3356 , 4.69.152.6 , 13
11 , 1299 , 80.91.252.152 , 14
11 , 3257 , 89.149.182.70 , 3
11 , 7018 , 12.122.254.234 , 12
11 , 4134 , 202.97.52.209 , 3
11 , 3491 , 63.218.94.42 , 3
11 , 3356 , 4.69.152.206 , 3
11 , 7018 , 12.122.251.134 , 39
11 , 7018 , 12.88.241.10 , 60
11 , 7018 , 12.118.34.30 , 6
11 , 1221 , 64.208.241.50 , 8
11 , 7018 , 12.122.18.30 , 3
11 , 3356 , 4.69.152.20 , 22
11 , 1668 , 66.185.152.62 , 58
11 , 1221 , 64.208.241.67 , 3
11 , 7018 , 12.91.70.6 , 24
11 , 7922 , 68.86.87.161 , 28
11 , 1221 , 64.208.241.56 , 3
11 , 0 , 216.148.209.162 , 6
11 , 7018 , 12.123.157.21 , 3
11 , 3549 , 64.211.162.82 , 3
11 , 7018 , 12.249.197.6 , 52
11 , 7018 , 12.122.152.189 , 47
11 , 7018 , 12.123.159.17 , 3
11 , 3549 , 64.211.162.170 , 3
11 , 1668 , 66.185.150.80 , 289
11 , 3356 , 4.69.152.144 , 5
11 , 7018 , 12.122.153.65 , 3
11 , 1299 , 213.155.135.186 , 14
11 , 7018 , 12.122.1.18 , 173
11 , 6453 , 64.86.142.1 , 29
11 , 7018 , 12.123.130.29 , 3
11 , 7018 , 12.122.146.5 , 47
11 , 3356 , 4.69.152.75 , 3
11 , 7018 , 12.122.133.157 , 76
11 , 1299 , 213.155.130.130 , 9
11 , 7018 , 12.123.158.129 , 9
11 , 7018 , 12.122.251.190 , 16
11 , 1299 , 213.155.130.212 , 12
11 , 1299 , 213.155.135.130 , 7
11 , 209 , 205.171.228.46 , 27
11 , 1299 , 80.91.252.221 , 16
11 , 7018 , 12.122.30.142 , 54
11 , 2914 , 129.250.5.58 , 205
11 , 1299 , 213.155.134.102 , 6
11 , 1299 , 213.155.135.156 , 25
11 , 7018 , 12.91.226.10 , 317
11 , 174 , 154.54.86.106 , 1
11 , 7018 , 12.87.58.98 , 3
11 , 7018 , 12.123.140.174 , 24
11 , 7018 , 12.122.113.89 , 14
11 , 3356 , 4.69.152.78 , 1
11 , 7018 , 12.122.2.126 , 212
11 , 7018 , 12.122.31.89 , 39
11 , 209 , 205.171.18.218 , 20
11 , 209 , 205.171.12.102 , 31
11 , 3549 , 208.50.81.162 , 3
11 , 3549 , 64.211.162.131 , 3
11 , 3320 , 62.154.5.201 , 3
11 , 1221 , 64.208.241.59 , 9
11 , 7018 , 12.249.81.194 , 12
11 , 2914 , 129.250.5.52 , 537
11 , 2914 , 129.250.4.118 , 140
11 , 174 , 154.54.7.22 , 3
11 , 3257 , 89.149.180.238 , 3
11 , 7018 , 12.122.144.13 , 14
11 , 0 , 64.125.24.5 , 104
11 , 7018 , 12.122.99.9 , 44
11 , 3356 , 4.69.152.81 , 19
11 , 1299 , 213.155.130.128 , 31
11 , 0 , 64.125.27.94 , 199
11 , 0 , 204.70.200.198 , 309
11 , 2914 , 128.241.219.238 , 94
11 , 2914 , 129.250.4.38 , 20
11 , 1299 , 80.91.248.189 , 26
11 , 7922 , 68.86.86.53 , 29
11 , 7018 , 12.123.206.225 , 9
11 , 3356 , 4.69.152.209 , 24
11 , 7018 , 12.122.144.17 , 3
11 , 2828 , 207.88.14.233 , 55
11 , 3549 , 64.208.126.120 , 5
11 , 3356 , 4.69.152.190 , 788
11 , 3257 , 89.149.182.21 , 2
11 , 7018 , 12.122.146.77 , 23
11 , 4436 , 69.22.153.182 , 18
11 , 7018 , 12.122.133.234 , 3
11 , 0 , 64.214.150.94 , 3
11 , 7018 , 12.122.254.238 , 16
11 , 7018 , 12.122.146.29 , 6
11 , 7018 , 12.122.28.177 , 415
11 , 174 , 38.104.138.246 , 5
11 , 7018 , 12.123.206.217 , 3
11 , 7018 , 12.122.1.1 , 194
11 , 7018 , 12.86.161.230 , 3
11 , 3356 , 4.69.152.132 , 5
11 , 7018 , 12.123.206.249 , 6
11 , 1299 , 80.91.247.170 , 12
11 , 3356 , 4.69.152.145 , 23
11 , 1221 , 64.208.241.57 , 6
11 , 209 , 205.171.12.142 , 30
11 , 1668 , 66.185.152.88 , 60
11 , 209 , 205.171.11.70 , 6
11 , 1221 , 64.208.241.33 , 12
11 , 3491 , 63.218.73.174 , 68
11 , 7018 , 12.88.251.14 , 82
11 , 7018 , 12.91.226.18 , 45
11 , 209 , 205.171.26.134 , 6
11 , 7922 , 68.86.85.65 , 23
11 , 101 , 209.124.179.42 , 3
11 , 3549 , 64.208.126.106 , 3
11 , 0 , 204.70.200.222 , 62
11 , 7922 , 68.86.87.17 , 36
11 , 174 , 154.54.6.105 , 525
11 , 3356 , 4.69.152.11 , 1
11 , 7018 , 12.122.5.229 , 37
11 , 3356 , 4.69.152.212 , 20
11 , 4436 , 69.22.153.178 , 17
11 , 1299 , 213.155.135.188 , 15
11 , 3549 , 209.130.172.178 , 26
11 , 1299 , 80.91.248.205 , 21
11 , 3549 , 64.208.126.144 , 5
11 , 209 , 205.171.134.6 , 24
11 , 2914 , 140.174.21.102 , 76
11 , 3356 , 4.69.152.17 , 14
11 , 1299 , 213.155.130.210 , 30
11 , 0 , 204.70.206.57 , 257
11 , 174 , 38.104.138.42 , 1
11 , 3549 , 146.82.32.154 , 3
11 , 1221 , 64.208.241.40 , 5
11 , 7018 , 12.123.206.221 , 6
11 , 209 , 205.171.251.42 , 27
11 , 1299 , 80.91.245.97 , 10
11 , 7018 , 12.122.30.21 , 42
11 , 1299 , 213.248.80.17 , 16
11 , 6453 , 66.198.144.5 , 10
11 , 0 , 204.70.198.145 , 12
11 , 3356 , 4.69.152.14 , 5
11 , 0 , 144.232.7.147 , 63
11 , 1299 , 213.248.80.0 , 26
12 , 0 , 204.70.192.89 , 147
12 , 1299 , 80.91.248.202 , 3
12 , 3356 , 4.69.153.21 , 308
12 , 0 , 216.148.216.86 , 6
12 , 26415 , 208.85.40.50 , 6
12 , 174 , 154.54.85.29 , 17
12 , 7018 , 12.122.30.133 , 50
12 , 7922 , 68.86.88.58 , 3
12 , 0 , 152.63.96.42 , 1
12 , 3320 , 217.6.49.238 , 3
12 , 1299 , 213.155.135.58 , 7
12 , 0 , 64.125.29.230 , 20
12 , 237 , 198.108.23.10 , 3
12 , 1299 , 213.155.135.66 , 3
12 , 0 , 152.63.81.98 , 1
12 , 8121 , 69.36.239.170 , 59
12 , 7018 , 12.87.58.90 , 11
12 , 10310 , 216.115.107.85 , 55
12 , 7473 , 203.208.171.34 , 6
12 , 1299 , 80.91.245.82 , 3
12 , 1299 , 80.91.251.120 , 1
12 , 14744 , 63.251.160.85 , 1
12 , 0 , 144.232.7.125 , 102
12 , 22566 , 67.16.151.94 , 3
12 , 2914 , 128.241.219.242 , 190
12 , 0 , 152.63.0.21 , 14
12 , 15133 , 72.21.91.19 , 59
12 , 174 , 154.54.6.74 , 36
12 , 1299 , 213.155.131.150 , 8
12 , 1299 , 80.91.247.19 , 6
12 , 0 , 204.70.197.25 , 26
12 , 0 , 152.63.32.6 , 3
12 , 19548 , 66.109.6.140 , 28
12 , 7922 , 68.86.89.138 , 20
12 , 7922 , 68.86.88.202 , 3
12 , 7018 , 12.90.212.154 , 44
12 , 33554 , 204.16.202.14 , 16
12 , 7018 , 12.122.138.25 , 30
12 , 0 , 152.63.40.62 , 15
12 , 14744 , 63.251.160.82 , 2
12 , 1668 , 66.185.152.171 , 290
12 , 7018 , 12.122.133.165 , 6
12 , 0 , 152.63.1.210 , 7
12 , 7018 , 12.86.68.118 , 6
12 , 7922 , 68.86.89.230 , 3
12 , 1226 , 205.225.131.118 , 30
12 , 209 , 72.165.115.114 , 88
12 , 7922 , 68.86.86.122 , 3
12 , 0 , 64.125.31.234 , 117
12 , 2914 , 129.250.3.89 , 1
12 , 209 , 65.100.106.38 , 51
12 , 2914 , 129.250.4.24 , 56
12 , 10912 , 216.52.255.47 , 3
12 , 0 , 152.63.98.81 , 4
12 , 7018 , 12.122.105.25 , 3
12 , 209 , 208.44.237.226 , 12
12 , 7018 , 12.90.32.10 , 111
12 , 101 , 209.124.179.42 , 3
12 , 32421 , 69.28.171.210 , 21
12 , 1299 , 213.155.130.73 , 4
12 , 7018 , 12.123.130.29 , 35
12 , 1299 , 80.91.248.157 , 21
12 , 7922 , 68.86.85.186 , 23
12 , 8075 , 207.46.40.219 , 27
12 , 12182 , 66.151.144.9 , 54
12 , 0 , 64.125.22.34 , 20
12 , 0 , 152.63.2.213 , 3
12 , 7922 , 68.86.88.2 , 6
12 , 4323 , 66.192.241.26 , 56
12 , 209 , 208.47.254.90 , 3
12 , 6762 , 213.144.183.115 , 3
12 , 10912 , 216.52.255.99 , 4
12 , 0 , 152.63.6.122 , 13
12 , 7018 , 12.122.2.126 , 12
12 , 1299 , 80.91.254.88 , 1
12 , 13425 , 64.136.0.29 , 3
12 , 3356 , 4.69.153.13 , 486
12 , 19548 , 66.109.1.16 , 17
12 , 7018 , 12.129.193.250 , 7
12 , 1299 , 213.155.134.125 , 17
12 , 7018 , 12.122.2.210 , 212
12 , 29761 , 96.44.180.6 , 6
12 , 1299 , 213.248.80.14 , 9
12 , 7018 , 12.122.140.206 , 6
12 , 0 , 152.63.39.181 , 9
12 , 32934 , 74.119.76.21 , 25
12 , 0 , 152.63.101.86 , 7
12 , 1299 , 80.91.248.174 , 8
12 , 29798 , 209.197.6.202 , 8
12 , 0 , 206.16.68.46 , 15
12 , 1299 , 213.155.135.64 , 7
12 , 0 , 152.63.96.30 , 3
12 , 10913 , 216.52.127.73 , 1
12 , 0 , 204.70.197.34 , 153
12 , 0 , 144.232.7.164 , 7
12 , 4323 , 66.192.245.58 , 9
12 , 1299 , 80.91.253.117 , 2
12 , 0 , 152.63.1.241 , 6
12 , 3356 , 4.69.153.1 , 506
12 , 7922 , 68.86.87.6 , 6
12 , 7922 , 68.86.85.82 , 12
12 , 0 , 152.63.40.46 , 6
12 , 209 , 63.232.5.82 , 6
12 , 1299 , 80.91.251.208 , 4
12 , 7018 , 12.122.134.125 , 3
12 , 209 , 67.135.105.65 , 3
12 , 0 , 152.63.81.102 , 5
12 , 7922 , 68.86.87.146 , 3
12 , 10912 , 216.52.255.86 , 2
12 , 1299 , 80.91.246.67 , 4
12 , 7018 , 12.88.71.86 , 3
12 , 1299 , 213.155.130.3 , 15
12 , 0 , 152.63.43.114 , 6
12 , 6762 , 195.22.210.217 , 6
12 , 7018 , 12.122.251.202 , 7
12 , 15169 , 209.85.249.5 , 81
12 , 7922 , 68.86.89.214 , 9
12 , 7922 , 68.86.89.238 , 9
12 , 29761 , 96.44.180.98 , 59
12 , 209 , 65.126.225.202 , 30
12 , 2914 , 129.250.5.32 , 7
12 , 10912 , 216.52.255.32 , 16
12 , 11854 , 70.42.24.196 , 16
12 , 209 , 65.113.32.206 , 6
12 , 32934 , 204.15.21.164 , 25
12 , 7018 , 12.122.153.65 , 59
12 , 7922 , 68.86.89.118 , 8
12 , 0 , 204.70.200.218 , 62
12 , 4436 , 69.22.130.146 , 17
12 , 209 , 208.47.254.72 , 6
12 , 12182 , 66.151.144.85 , 9
12 , 7018 , 12.130.96.170 , 19
12 , 209 , 65.119.250.18 , 35
12 , 1299 , 80.91.247.21 , 9
12 , 7018 , 12.127.141.38 , 3
12 , 7018 , 12.122.105.30 , 53
12 , 0 , 152.63.6.2 , 5
12 , 7922 , 68.86.86.206 , 8
12 , 7018 , 12.122.146.153 , 9
12 , 1299 , 213.155.133.148 , 2
12 , 7018 , 12.123.140.237 , 23
12 , 11854 , 70.42.24.132 , 19
12 , 22566 , 67.16.167.181 , 27
12 , 852 , 199.212.171.58 , 3
12 , 12182 , 66.151.144.92 , 3
12 , 6453 , 66.198.144.58 , 2
12 , 101 , 209.124.188.142 , 3
12 , 6389 , 74.175.192.197 , 6
12 , 174 , 154.54.2.137 , 18
12 , 7018 , 12.122.134.121 , 35
12 , 174 , 154.54.86.177 , 10
12 , 209 , 208.47.254.75 , 6
12 , 0 , 204.70.192.69 , 11
12 , 2914 , 140.174.21.182 , 130
12 , 2914 , 129.250.4.45 , 3
12 , 10912 , 216.52.255.111 , 3
12 , 174 , 154.54.6.29 , 24
12 , 10912 , 216.52.255.120 , 5
12 , 0 , 152.63.1.213 , 6
12 , 7018 , 12.122.251.134 , 3
12 , 7018 , 12.118.34.30 , 38
12 , 0 , 204.70.198.117 , 3
12 , 0 , 152.63.85.65 , 3
12 , 209 , 67.148.147.49 , 3
12 , 2828 , 216.156.0.154 , 9
12 , 1299 , 213.155.135.56 , 17
12 , 7922 , 68.86.87.2 , 3
12 , 209 , 65.123.192.198 , 9
12 , 8121 , 69.36.239.221 , 17
12 , 13030 , 77.109.128.38 , 3
12 , 7018 , 12.88.177.30 , 3
12 , 6453 , 66.198.127.1 , 4
12 , 7018 , 12.87.30.114 , 76
12 , 7922 , 68.86.89.134 , 3
12 , 2828 , 207.88.13.149 , 14
12 , 7018 , 12.122.158.129 , 14
12 , 3356 , 4.69.153.29 , 317
12 , 0 , 152.63.114.65 , 3
12 , 10912 , 216.52.255.56 , 1
12 , 4323 , 66.192.246.10 , 3
12 , 2828 , 216.156.0.122 , 14
12 , 7922 , 68.86.89.234 , 3
12 , 8075 , 204.152.140.73 , 15
12 , 1299 , 213.155.130.30 , 4
12 , 3356 , 4.53.210.122 , 9
12 , 15169 , 209.85.249.3 , 260
12 , 12182 , 66.151.144.29 , 3
12 , 3356 , 65.57.244.14 , 9
12 , 3257 , 213.200.73.42 , 6
12 , 1226 , 205.225.131.114 , 26
12 , 10912 , 216.52.255.95 , 2
12 , 209 , 67.148.147.134 , 3
12 , 26415 , 208.85.40.20 , 9
12 , 7018 , 12.123.238.133 , 11
12 , 7922 , 68.86.82.86 , 3
12 , 7018 , 12.122.99.9 , 3
12 , 7018 , 12.122.146.133 , 12
12 , 174 , 154.54.89.97 , 6
12 , 0 , 152.63.2.217 , 7
12 , 12182 , 66.151.144.16 , 7
12 , 0 , 152.63.112.54 , 8
12 , 7018 , 12.122.1.209 , 120
12 , 3356 , 4.69.153.17 , 304
12 , 0 , 64.125.25.5 , 41
12 , 7018 , 12.129.193.254 , 9
12 , 0 , 144.232.25.78 , 12
12 , 1299 , 213.248.65.209 , 4
12 , 0 , 204.70.196.246 , 110
12 , 1299 , 80.91.248.178 , 6
12 , 209 , 65.115.192.18 , 24
12 , 29798 , 209.197.6.206 , 4
12 , 0 , 152.63.40.41 , 20
12 , 209 , 66.77.90.115 , 27
12 , 174 , 154.54.6.150 , 26
12 , 10310 , 216.115.107.57 , 54
12 , 4323 , 66.192.247.66 , 38
12 , 209 , 67.135.105.99 , 1
12 , 0 , 152.63.96.34 , 1
12 , 3356 , 4.53.208.110 , 6
12 , 7296 , 66.226.31.141 , 3
12 , 0 , 64.125.31.157 , 9
12 , 7018 , 12.122.251.198 , 2
12 , 0 , 152.63.81.45 , 28
12 , 2914 , 129.250.3.106 , 80
12 , 3356 , 4.69.153.5 , 512
12 , 10912 , 216.52.255.31 , 1
12 , 0 , 152.63.5.117 , 4
12 , 3356 , 4.28.8.38 , 30
12 , 4436 , 69.22.153.74 , 18
12 , 209 , 67.148.147.128 , 3
12 , 32787 , 209.200.184.34 , 94
12 , 6762 , 195.22.210.212 , 6
12 , 209 , 63.239.37.170 , 24
12 , 1299 , 213.155.130.59 , 8
12 , 174 , 154.54.1.129 , 23
12 , 1299 , 80.91.246.65 , 4
12 , 0 , 204.70.192.134 , 81
12 , 33419 , 204.11.108.145 , 6
12 , 7018 , 12.90.240.14 , 3
12 , 7018 , 12.122.146.209 , 9
12 , 1299 , 213.155.131.148 , 5
12 , 1668 , 66.185.142.130 , 118
12 , 14743 , 63.251.63.82 , 5
12 , 0 , 204.70.192.46 , 18
12 , 12050 , 64.129.234.74 , 3
12 , 0 , 64.125.30.137 , 68
12 , 7029 , 64.198.100.105 , 36
12 , 4323 , 66.192.253.186 , 29
12 , 0 , 152.63.43.118 , 10
12 , 1299 , 213.248.65.89 , 1
12 , 1299 , 213.248.65.97 , 3
12 , 1299 , 80.91.251.97 , 1
12 , 174 , 154.54.85.122 , 6
12 , 8075 , 204.152.140.75 , 45
12 , 7018 , 12.122.251.206 , 5
12 , 0 , 152.63.0.34 , 3
12 , 0 , 152.63.5.205 , 23
12 , 2914 , 129.250.2.35 , 6
12 , 174 , 154.54.6.146 , 33
12 , 0 , 204.70.224.209 , 59
12 , 42708 , 80.67.0.134 , 22
12 , 0 , 152.63.96.38 , 6
12 , 2914 , 129.250.6.10 , 59
12 , 174 , 154.54.85.25 , 12
12 , 174 , 38.104.138.90 , 3
12 , 174 , 154.54.81.145 , 22
12 , 174 , 154.54.1.25 , 34
12 , 3356 , 4.69.153.9 , 517
12 , 174 , 154.54.2.53 , 27
12 , 7018 , 12.123.130.37 , 23
12 , 0 , 152.63.19.209 , 7
12 , 19548 , 66.109.6.136 , 3
12 , 7018 , 12.123.10.250 , 6
12 , 14743 , 63.251.63.17 , 4
12 , 0 , 152.63.96.26 , 3
12 , 2828 , 216.156.0.146 , 3
12 , 4134 , 202.97.52.181 , 3
12 , 0 , 64.125.26.29 , 103
12 , 7018 , 12.88.17.158 , 3
12 , 7018 , 12.122.30.30 , 42
12 , 7018 , 12.249.197.6 , 5
12 , 7018 , 12.122.152.189 , 3
12 , 1299 , 80.91.248.161 , 16
12 , 8075 , 207.46.40.221 , 33
12 , 7018 , 12.122.133.157 , 6
12 , 7018 , 12.122.28.173 , 90
12 , 22822 , 69.28.172.53 , 39
12 , 3561 , 208.175.172.10 , 23
12 , 174 , 154.54.25.185 , 9
12 , 10912 , 216.52.255.96 , 14
12 , 7922 , 68.86.89.126 , 9
12 , 7018 , 12.87.58.98 , 21
12 , 0 , 152.63.35.14 , 10
12 , 14744 , 63.251.160.20 , 2
12 , 209 , 66.77.90.99 , 23
12 , 209 , 72.164.236.238 , 15
12 , 36632 , 199.7.78.66 , 3
12 , 7018 , 12.122.134.117 , 45
12 , 7922 , 68.86.89.210 , 3
12 , 7018 , 12.122.85.73 , 3
12 , 0 , 152.63.43.122 , 2
12 , 7018 , 12.122.254.50 , 54
12 , 0 , 206.16.68.54 , 13
12 , 7018 , 12.122.30.138 , 108
12 , 7018 , 12.122.131.169 , 97
12 , 6762 , 195.22.210.210 , 4
12 , 4323 , 66.192.247.154 , 88
12 , 1299 , 80.91.246.69 , 4
12 , 1299 , 80.91.247.126 , 2
12 , 1299 , 80.91.246.63 , 6
12 , 209 , 63.234.235.102 , 62
12 , 7018 , 12.130.96.178 , 2
12 , 7018 , 12.122.142.5 , 9
12 , 10310 , 216.115.100.67 , 2
12 , 7922 , 75.149.231.10 , 20
12 , 7922 , 68.86.89.130 , 24
12 , 2828 , 207.88.14.98 , 32
12 , 11854 , 70.42.24.197 , 2
12 , 7018 , 12.116.103.10 , 3
12 , 0 , 152.63.98.86 , 3
12 , 852 , 199.212.164.202 , 3
12 , 1299 , 80.91.246.59 , 15
12 , 3356 , 4.69.153.25 , 296
12 , 1299 , 213.155.136.40 , 13
12 , 3356 , 4.53.210.10 , 63
12 , 7018 , 12.86.161.230 , 17
12 , 0 , 64.214.174.246 , 17
12 , 1299 , 213.155.136.39 , 13
12 , 174 , 154.54.84.54 , 29
12 , 6762 , 195.22.210.219 , 3
12 , 8075 , 204.152.140.77 , 36
12 , 12182 , 66.151.144.86 , 9
12 , 1299 , 213.155.130.28 , 5
12 , 209 , 208.47.254.82 , 6
12 , 1299 , 213.155.135.62 , 2
12 , 7018 , 12.122.5.229 , 54
12 , 2914 , 129.250.2.96 , 5
12 , 0 , 152.63.103.53 , 8
12 , 7018 , 12.122.138.113 , 88
12 , 0 , 152.63.55.101 , 6
12 , 209 , 208.47.254.33 , 3
12 , 10310 , 216.115.107.81 , 55
12 , 14744 , 63.251.160.18 , 1
12 , 209 , 67.135.105.122 , 4
12 , 1299 , 213.155.131.146 , 9
12 , 11854 , 70.42.24.133 , 1
12 , 7018 , 12.123.238.137 , 6
12 , 7018 , 12.122.112.41 , 15
12 , 7018 , 12.123.154.101 , 15
12 , 14744 , 63.251.160.7 , 3
12 , -1 ,  , 37
12 , 7018 , 12.118.239.142 , 36
12 , 174 , 154.54.86.185 , 30
12 , 2914 , 129.250.4.102 , 520
12 , 0 , 204.70.197.29 , 53
12 , 7018 , 12.122.146.157 , 3
12 , 10937 , 64.86.79.2 , 8
12 , 0 , 64.125.26.142 , 21
12 , 1299 , 80.91.248.163 , 10
12 , 0 , 152.63.104.178 , 2
12 , 1299 , 213.155.133.6 , 3
12 , 2914 , 129.250.5.237 , 16
12 , 7018 , 12.130.96.182 , 3
12 , 7018 , 12.122.138.189 , 31
12 , 209 , 63.236.112.20 , 6
12 , 14743 , 63.251.63.1 , 3
12 , 0 , 204.70.196.137 , 136
12 , 10310 , 216.115.101.148 , 24
12 , 0 , 152.63.80.17 , 16
12 , 7018 , 12.249.81.194 , 3
12 , 0 , 152.63.3.89 , 3
12 , 1299 , 213.155.135.70 , 1
12 , 12182 , 66.151.144.71 , 60
12 , 7018 , 12.122.138.1 , 30
12 , 7018 , 12.249.231.14 , 15
12 , 174 , 154.54.5.186 , 10
12 , 7018 , 12.122.3.169 , 3
12 , 32421 , 69.28.171.146 , 18
12 , 209 , 67.148.147.90 , 3
12 , 8075 , 204.152.140.79 , 44
12 , 12182 , 66.151.144.5 , 6
12 , 7922 , 68.86.87.42 , 6
12 , 7018 , 12.123.10.137 , 36
12 , 174 , 154.54.47.250 , 103
12 , 7018 , 12.122.146.205 , 21
12 , 174 , 154.54.83.254 , 1
12 , 1299 , 213.155.131.144 , 22
12 , 2914 , 129.250.3.38 , 55
12 , 2828 , 207.88.12.45 , 38
12 , 10912 , 216.52.255.22 , 7
12 , 7296 , 66.226.31.174 , 11
12 , 32421 , 69.28.171.65 , 3
12 , 0 , 152.63.104.225 , 4
12 , 1299 , 213.155.136.42 , 5
12 , 209 , 207.108.59.230 , 6
12 , 7018 , 12.123.22.250 , 9
12 , 209 , 72.164.236.178 , 15
12 , 7473 , 203.208.183.162 , 6
12 , 1299 , 213.155.131.85 , 1
12 , 4323 , 66.192.251.154 , 109
12 , 10310 , 216.115.107.61 , 51
12 , 3356 , 4.31.196.158 , 18
12 , 12182 , 66.151.144.15 , 11
12 , 0 , 204.70.192.98 , 3
12 , 1299 , 213.155.135.60 , 8
12 , 2828 , 207.88.12.70 , 180
12 , 6453 , 64.86.252.141 , 30
12 , 4323 , 66.192.251.130 , 3
12 , 7018 , 12.116.239.46 , 20
12 , 3356 , 4.28.13.42 , 60
12 , 209 , 67.135.105.131 , 5
12 , 3356 , 4.71.114.38 , 30
12 , 0 , 152.63.101.158 , 3
12 , 1299 , 80.91.245.80 , 8
12 , 0 , 144.232.7.127 , 55
12 , 1299 , 80.91.248.159 , 11
12 , 7018 , 12.122.100.113 , 29
12 , 10912 , 216.52.255.37 , 2
12 , 7018 , 12.122.113.89 , 3
12 , 174 , 154.54.6.133 , 38
12 , 3257 , 141.136.99.54 , 3
12 , 7018 , 12.122.153.13 , 3
12 , 7018 , 12.123.157.93 , 23
12 , 1299 , 80.91.247.114 , 2
12 , 174 , 154.54.2.129 , 9
12 , 2828 , 207.88.12.57 , 12
12 , 7922 , 68.86.87.142 , 6
12 , 0 , 152.63.101.90 , 2
12 , 10310 , 216.115.100.94 , 12
12 , 0 , 152.63.113.22 , 6
12 , 22566 , 67.16.167.177 , 32
12 , 7018 , 12.122.100.118 , 6
12 , 1299 , 213.155.131.76 , 13
12 , 7018 , 12.122.2.14 , 41
12 , 209 , 67.148.147.19 , 3
12 , 174 , 154.54.43.34 , 6
12 , 7922 , 68.86.89.122 , 18
12 , 3356 , 4.53.16.186 , 12
12 , 7018 , 12.122.81.137 , 9
12 , 7018 , 12.122.212.1 , 9
12 , 209 , 67.148.147.145 , 3
12 , 7018 , 12.122.162.13 , 24
12 , 0 , 144.232.20.222 , 10
12 , 7029 , 64.198.101.253 , 24
12 , 14743 , 63.251.63.65 , 6
12 , 7018 , 12.123.46.129 , 12
12 , 209 , 63.151.227.165 , 48
12 , 7018 , 12.122.1.1 , 18
12 , 7018 , 12.130.96.174 , 18
12 , 0 , 204.70.196.213 , 82
12 , 0 , 152.63.7.70 , 3
12 , 0 , 152.63.43.69 , 8
12 , 1299 , 80.91.246.61 , 20
12 , 22822 , 69.28.172.78 , 3
12 , 6762 , 213.144.183.113 , 5
12 , 0 , 64.125.30.125 , 53
12 , 7018 , 12.123.18.249 , 17
13 , 1299 , 213.248.65.26 , 1
13 , 0 , 152.63.116.41 , 8
13 , 8075 , 207.46.43.32 , 5
13 , 0 , 152.63.33.161 , 1
13 , 17819 , 108.162.207.77 , 3
13 , 6453 , 216.6.99.45 , 4
13 , 45294 , 98.136.16.59 , 1
13 , 14744 , 63.251.160.78 , 2
13 , 0 , 208.185.20.94 , 29
13 , 0 , 152.63.43.78 , 7
13 , 36752 , 209.131.32.41 , 2
13 , 32787 , 209.200.153.118 , 3
13 , 7018 , 12.122.105.25 , 3
13 , 7018 , 12.122.134.125 , 3
13 , 7018 , 12.87.58.90 , 6
13 , 1299 , 80.91.251.237 , 2
13 , 2914 , 129.250.3.90 , 40
13 , 22566 , 67.16.166.234 , 30
13 , 40098 , 216.20.128.22 , 44
13 , 174 , 154.54.2.209 , 21
13 , 36752 , 209.131.32.23 , 18
13 , 1299 , 80.91.251.120 , 5
13 , 14744 , 63.251.160.85 , 3
13 , 32787 , 209.200.184.54 , 17
13 , 4323 , 216.64.147.86 , 88
13 , 45294 , 98.136.16.29 , 2
13 , 2914 , 129.250.2.186 , 4
13 , 14744 , 206.191.144.78 , 3
13 , 0 , 152.63.35.117 , 3
13 , 2828 , 216.156.0.150 , 3
13 , 22822 , 69.28.144.174 , 33
13 , 174 , 154.54.86.181 , 1
13 , 1299 , 80.239.133.2 , 41
13 , 7018 , 12.122.140.113 , 3
13 , 7018 , 12.123.154.54 , 50
13 , 0 , 152.63.40.21 , 4
13 , 7018 , 12.90.212.154 , 3
13 , 4323 , 64.132.167.2 , 41
13 , 0 , 152.63.116.57 , 3
13 , 0 , 199.106.176.18 , 3
13 , 32787 , 209.200.184.42 , 17
13 , 6762 , 195.22.210.62 , 27
13 , 7018 , 12.122.139.45 , 6
13 , 45294 , 98.136.16.55 , 1
13 , 1668 , 66.185.144.195 , 292
13 , 1299 , 80.91.247.92 , 4
13 , 8075 , 207.46.43.138 , 40
13 , 0 , 152.63.41.246 , 3
13 , 209 , 72.165.115.114 , 4
13 , 7018 , 12.122.158.129 , 3
13 , 0 , 216.33.4.150 , 47
13 , 174 , 154.54.6.166 , 28
13 , 3356 , 4.69.132.50 , 202
13 , 2914 , 129.250.24.201 , 15
13 , 36752 , 67.195.128.75 , 2
13 , 6453 , 66.198.127.6 , 1
13 , 22822 , 69.28.172.197 , 3
13 , 29761 , 67.215.253.138 , 20
13 , 4544 , 206.204.250.34 , 9
13 , 1299 , 80.91.247.160 , 2
13 , 22566 , 67.16.166.250 , 29
13 , 0 , 152.63.72.73 , 12
13 , 7018 , 12.123.152.93 , 3
13 , 7018 , 12.116.77.10 , 24
13 , 7018 , 12.90.32.10 , 36
13 , 174 , 154.54.6.37 , 16
13 , 4134 , 202.97.53.205 , 3
13 , 32421 , 69.28.171.210 , 3
13 , 36752 , 209.131.32.17 , 23
13 , 0 , 64.125.22.129 , 3
13 , 8075 , 207.46.46.51 , 14
13 , 0 , 204.70.193.233 , 18
13 , 0 , 152.63.20.150 , 12
13 , 0 , 157.130.80.14 , 4
13 , 0 , 64.125.25.17 , 26
13 , 8075 , 207.46.40.219 , 1
13 , 0 , 204.70.196.70 , 141
13 , 26496 , 208.109.112.154 , 3
13 , 702 , 146.188.4.82 , 4
13 , 0 , 140.90.111.36 , 9
13 , 174 , 154.54.0.101 , 18
13 , 0 , 206.28.96.30 , 12
13 , 800 , 205.251.229.46 , 26
13 , 1226 , 205.225.181.51 , 56
13 , 12182 , 66.151.147.202 , 6
13 , 174 , 154.54.5.101 , 11
13 , 7018 , 12.91.51.178 , 3
13 , 7473 , 203.208.148.90 , 9
13 , 7018 , 12.122.2.210 , 12
13 , 0 , 63.240.193.10 , 5
13 , 7922 , 23.67.247.74 , 3
13 , 2914 , 129.250.2.54 , 7
13 , 20296 , 216.251.112.6 , 9
13 , 1299 , 213.155.136.201 , 2
13 , 7922 , 68.86.85.142 , 9
13 , 32934 , 74.119.76.21 , 1
13 , 50683 , 193.104.214.94 , 27
13 , 7922 , 68.86.87.38 , 9
13 , 36375 , 192.12.80.38 , 3
13 , 0 , 64.125.26.190 , 23
13 , 15169 , 209.85.250.63 , 34
13 , 0 , 152.63.118.49 , 1
13 , 36752 , 209.131.32.43 , 2
13 , 10913 , 216.52.127.73 , 61
13 , 36752 , 67.195.128.69 , 8
13 , 7296 , 66.226.31.145 , 3
13 , 0 , 204.70.193.26 , 85
13 , 7018 , 12.122.251.166 , 19
13 , 0 , 64.125.25.110 , 3
13 , 36752 , 209.131.32.21 , 11
13 , 0 , 204.70.197.70 , 59
13 , 7018 , 12.117.247.238 , 47
13 , 10912 , 63.251.209.206 , 6
13 , 0 , 152.63.84.93 , 5
13 , 0 , 152.63.39.138 , 29
13 , 7018 , 12.122.117.49 , 3
13 , 19548 , 66.109.6.7 , 45
13 , 1299 , 80.91.246.115 , 1
13 , 0 , 157.130.80.18 , 17
13 , 30176 , 204.11.48.135 , 1
13 , 8075 , 207.46.40.123 , 9
13 , 852 , 199.212.164.38 , 5
13 , 174 , 154.54.0.222 , 11
13 , 7018 , 12.122.107.118 , 100
13 , 7018 , 12.94.97.22 , 29
13 , 0 , 204.70.193.89 , 35
13 , 2914 , 129.250.3.81 , 15
13 , 3356 , 4.69.132.157 , 24
13 , 45294 , 98.136.16.57 , 2
13 , 0 , 208.214.96.2 , 4
13 , 7018 , 12.88.71.86 , 6
13 , 20940 , 23.63.99.234 , 3
13 , 0 , 64.125.24.17 , 3
13 , 29761 , 96.44.132.90 , 3
13 , 0 , 152.63.118.53 , 2
13 , 7018 , 12.122.251.202 , 2
13 , 0 , 152.63.43.90 , 8
13 , 15169 , 209.85.249.5 , 4
13 , 0 , 56.105.131.6 , 20
13 , 36752 , 209.131.32.51 , 1
13 , 32787 , 209.200.184.201 , 3
13 , 8075 , 207.46.40.28 , 18
13 , 0 , 64.125.30.237 , 58
13 , 174 , 154.54.29.30 , 5
13 , 36752 , 67.195.128.77 , 3
13 , 36351 , 173.192.18.249 , 3
13 , 7018 , 12.123.249.77 , 6
13 , 2914 , 129.250.2.93 , 4
13 , 3356 , 4.69.135.186 , 844
13 , 29761 , 96.44.181.66 , 3
13 , 0 , 206.28.96.6 , 15
13 , 10310 , 216.115.96.45 , 7
13 , 32934 , 204.15.21.164 , 5
13 , 1273 , 195.2.22.73 , 6
13 , 10913 , 216.52.127.9 , 53
13 , 36752 , 209.131.32.37 , 2
13 , 17819 , 141.101.116.94 , 9
13 , 2828 , 207.88.12.86 , 3
13 , 174 , 154.54.45.77 , 25
13 , 0 , 204.70.196.22 , 11
13 , 33419 , 204.11.109.254 , 6
13 , 7018 , 12.130.96.170 , 2
13 , 15169 , 209.85.250.64 , 37
13 , 174 , 154.54.24.118 , 8
13 , 7018 , 12.122.105.30 , 3
13 , 800 , 205.251.229.44 , 21
13 , 0 , 152.63.85.165 , 12
13 , 2828 , 216.156.1.78 , 9
13 , 1299 , 213.155.132.197 , 2
13 , 7018 , 12.123.140.237 , 3
13 , 2914 , 129.250.2.27 , 3
13 , 852 , 199.212.171.58 , 3
13 , 1299 , 80.91.248.216 , 4
13 , 7922 , 68.86.89.73 , 27
13 , 7018 , 12.122.103.13 , 11
13 , 36752 , 209.131.32.45 , 1
13 , 7922 , 68.86.93.66 , 3
13 , 36752 , 67.195.128.67 , 6
13 , 0 , 208.214.96.6 , 2
13 , 852 , 199.212.164.42 , 3
13 , 10913 , 216.52.127.19 , 2
13 , 1299 , 213.155.136.75 , 2
13 , 1299 , 80.91.245.27 , 1
13 , 7018 , 12.122.105.61 , 53
13 , 1299 , 80.91.251.124 , 7
13 , 32787 , 72.52.6.10 , 29
13 , 36752 , 209.131.32.19 , 22
13 , 1299 , 80.239.193.54 , 96
13 , 8075 , 207.46.43.128 , 19
13 , 2914 , 129.250.4.207 , 242
13 , 0 , 204.70.207.122 , 15
13 , 7018 , 12.118.34.30 , 27
13 , 8075 , 207.46.40.70 , 2
13 , 0 , 152.63.38.242 , 12
13 , 32787 , 209.200.153.117 , 62
13 , 45294 , 98.136.16.61 , 2
13 , 4323 , 64.132.86.118 , 109
13 , 7018 , 12.87.30.114 , 6
13 , 14743 , 63.251.61.18 , 9
13 , 10310 , 216.115.100.8 , 1
13 , 174 , 154.54.0.238 , 6
13 , 1299 , 80.91.251.248 , 8
13 , 1299 , 80.91.247.185 , 11
13 , 852 , 199.212.164.206 , 5
13 , 45294 , 98.136.16.43 , 2
13 , 12182 , 69.25.56.66 , 93
13 , 8075 , 207.46.47.66 , 5
13 , 10310 , 216.115.96.40 , 4
13 , 32787 , 209.200.184.46 , 15
13 , 12182 , 74.217.69.98 , 6
13 , 10913 , 216.52.127.34 , 6
13 , 8121 , 65.50.204.150 , 59
13 , 32934 , 31.13.24.42 , 30
13 , 10912 , 216.52.223.218 , 3
13 , 0 , 152.63.36.34 , 2
13 , 174 , 38.20.54.210 , 32
13 , 8075 , 204.152.140.73 , 9
13 , 1299 , 213.248.97.222 , 57
13 , 174 , 154.54.45.65 , 7
13 , 15169 , 209.85.249.3 , 23
13 , 3549 , 216.225.128.34 , 3
13 , 174 , 154.54.6.162 , 14
13 , 2914 , 129.250.5.43 , 23
13 , 36752 , 67.195.128.71 , 3
13 , 36752 , 209.131.32.49 , 1
13 , 0 , 204.70.197.14 , 45
13 , 17338 , 68.66.15.230 , 3
13 , 0 , 152.63.40.17 , 5
13 , 7018 , 12.122.5.190 , 18
13 , 22414 , 208.82.236.225 , 51
13 , 174 , 154.54.0.142 , 10
13 , 0 , 64.125.28.17 , 12
13 , 1299 , 213.248.79.2 , 9
13 , 3356 , 4.69.134.37 , 15
13 , 36752 , 209.131.32.31 , 3
13 , 45294 , 98.136.16.21 , 7
13 , 0 , 63.241.130.178 , 30
13 , 2914 , 129.250.2.73 , 1
13 , 7018 , 12.122.107.85 , 112
13 , 0 , 56.105.131.13 , 36
13 , 1299 , 80.91.249.170 , 2
13 , 7922 , 68.86.86.118 , 14
13 , 15169 , 209.85.250.66 , 34
13 , 7018 , 12.122.140.1 , 6
13 , 36752 , 209.131.32.27 , 4
13 , 0 , 204.70.224.253 , 15
13 , 174 , 154.54.44.237 , 3
13 , 8075 , 207.46.40.138 , 23
13 , 2914 , 129.250.4.202 , 77
13 , 0 , 152.63.112.221 , 7
13 , 10310 , 216.115.96.204 , 8
13 , 2828 , 207.88.13.65 , 106
13 , 852 , 199.212.164.138 , 10
13 , 7018 , 12.119.171.74 , 3
13 , 0 , 64.125.25.54 , 43
13 , 101 , 209.124.188.132 , 3
13 , 209 , 63.150.131.16 , 3
13 , 101 , 209.124.188.143 , 3
13 , 0 , 64.125.27.34 , 12
13 , 7922 , 68.86.85.146 , 15
13 , 2828 , 216.156.1.62 , 14
13 , 1299 , 80.91.246.97 , 1
13 , 30176 , 204.11.48.130 , 2
13 , 174 , 38.99.107.218 , 6
13 , 36752 , 209.131.32.47 , 3
13 , 2914 , 129.250.2.85 , 23
13 , 7018 , 12.123.22.110 , 36
13 , 3356 , 4.69.132.58 , 275
13 , 36752 , 67.195.128.65 , 8
13 , 8075 , 207.46.40.8 , 10
13 , 7018 , 12.249.185.166 , 3
13 , 174 , 154.54.5.70 , 2
13 , 0 , 64.125.30.49 , 45
13 , 1299 , 213.155.136.77 , 1
13 , 2914 , 129.250.2.145 , 17
13 , 174 , 154.54.44.245 , 7
13 , 10913 , 216.52.127.31 , 26
13 , 0 , 152.63.42.6 , 3
13 , 32787 , 209.200.184.34 , 139
13 , 0 , 144.232.2.85 , 16
13 , 2828 , 207.88.14.186 , 20
13 , 2828 , 216.156.0.22 , 48
13 , 2152 , 137.164.47.133 , 12
13 , 0 , 204.70.195.122 , 69
13 , 7018 , 12.122.251.110 , 20
13 , 0 , 64.125.26.230 , 3
13 , 2828 , 207.88.12.41 , 6
13 , 36351 , 173.192.18.165 , 60
13 , 174 , 154.54.0.226 , 3
13 , 0 , 64.125.28.237 , 18
13 , 0 , 152.63.24.42 , 3
13 , 45294 , 98.136.16.63 , 5
13 , 7018 , 12.249.213.34 , 11
13 , 7018 , 12.122.104.69 , 15
13 , 1299 , 80.91.247.88 , 1
13 , 8075 , 204.152.140.75 , 9
13 , 0 , 204.70.200.1 , 11
13 , 0 , 64.125.24.29 , 6
13 , 32934 , 31.13.31.18 , 3
13 , 7385 , 209.63.100.129 , 6
13 , 10913 , 216.52.127.87 , 11
13 , 0 , 144.232.25.240 , 13
13 , 1299 , 213.155.133.3 , 3
13 , 0 , 204.70.195.118 , 26
13 , 36752 , 67.195.128.73 , 1
13 , 0 , 180.87.15.25 , 24
13 , 7018 , 12.123.249.73 , 3
13 , 174 , 154.54.80.202 , 1
13 , 36752 , 209.131.32.149 , 6
13 , 10912 , 63.251.195.98 , 6
13 , 7922 , 68.86.89.33 , 34
13 , 0 , 204.70.197.241 , 11
13 , 36752 , 209.131.32.29 , 1
13 , 7018 , 12.116.77.34 , 56
13 , 7018 , 12.122.31.126 , 41
13 , 36752 , 209.131.32.33 , 2
13 , 45294 , 98.136.16.23 , 3
13 , 0 , 152.63.35.250 , 1
13 , 1299 , 80.91.250.241 , 2
13 , 7018 , 12.249.214.14 , 41
13 , 10912 , 216.52.220.218 , 9
13 , 15169 , 209.85.250.60 , 30
13 , 0 , 204.70.224.249 , 6
13 , 7922 , 68.86.89.202 , 12
13 , 10913 , 216.52.127.70 , 28
13 , 26458 , 98.158.26.14 , 30
13 , 7018 , 12.88.17.158 , 17
13 , 174 , 154.54.5.182 , 1
13 , 7018 , 12.81.32.112 , 6
13 , 8075 , 207.46.40.89 , 3
13 , 45294 , 98.136.16.35 , 3
13 , 0 , 198.151.60.105 , 6
13 , 174 , 154.54.13.218 , 59
13 , 8075 , 207.46.40.221 , 2
13 , 3356 , 4.69.132.10 , 548
13 , 12050 , 64.129.129.74 , 59
13 , 45102 , 205.204.119.14 , 6
13 , 15169 , 64.233.174.109 , 191
13 , 852 , 199.212.164.18 , 4
13 , 3356 , 4.69.148.137 , 617
13 , 13030 , 77.109.128.222 , 3
13 , 22822 , 69.28.172.53 , 6
13 , 7922 , 68.86.86.58 , 3
13 , 45294 , 98.136.16.19 , 1
13 , 0 , 144.232.12.42 , 47
13 , 0 , 204.70.198.18 , 6
13 , 0 , 152.63.103.229 , 21
13 , 7018 , 12.87.58.98 , 6
13 , 1299 , 80.91.246.147 , 1
13 , 5078 , 164.58.15.41 , 21
13 , 14744 , 63.251.160.20 , 9
13 , 7922 , 68.86.86.218 , 9
13 , 2828 , 207.88.12.1 , 38
13 , 2914 , 129.250.5.47 , 24
13 , 32421 , 69.28.171.194 , 3
13 , 15290 , 66.46.99.242 , 3
13 , 7018 , 12.122.134.117 , 3
13 , 702 , 146.188.6.166 , 7
13 , 0 , 152.63.42.10 , 1
13 , 0 , 152.63.52.33 , 9
13 , 30085 , 208.95.172.130 , 17
13 , 36752 , 209.131.32.79 , 2
13 , 10913 , 216.52.127.33 , 13
13 , 7018 , 12.122.129.241 , 6
13 , 0 , 198.151.60.100 , 12
13 , 32934 , 31.13.31.20 , 2
13 , 7018 , 12.122.131.169 , 9
13 , 10310 , 216.115.101.109 , 5
13 , 45294 , 98.136.16.17 , 2
13 , 0 , 144.232.2.87 , 19
13 , 15169 , 64.233.174.119 , 33
13 , 20296 , 216.251.112.14 , 36
13 , 0 , 64.125.31.17 , 29
13 , 2906 , 208.75.77.193 , 60
13 , 1299 , 80.91.247.25 , 1
13 , 174 , 154.54.24.110 , 12
13 , 2828 , 207.88.14.98 , 1
13 , 1299 , 213.155.133.21 , 3
13 , 0 , 64.125.26.25 , 6
13 , 174 , 66.28.4.5 , 1
13 , 1299 , 80.91.247.189 , 4
13 , 852 , 199.212.164.202 , 1
13 , 45294 , 98.136.16.47 , 1
13 , 0 , 152.63.20.146 , 8
13 , 0 , 64.125.26.138 , 12
13 , 4837 , 219.158.97.229 , 3
13 , 32421 , 69.28.171.206 , 6
13 , 0 , 64.125.29.2 , 3
13 , 7018 , 12.122.2.14 , 3
13 , 8075 , 204.152.140.77 , 3
13 , 174 , 154.54.45.61 , 10
13 , 174 , 154.54.45.81 , 28
13 , 101 , 209.124.179.42 , 3
13 , 174 , 154.54.25.189 , 3
13 , 0 , 144.232.25.242 , 11
13 , 1299 , 213.155.133.5 , 1
13 , 0 , 64.125.31.201 , 6
13 , 36752 , 209.131.32.151 , 6
13 , 0 , 204.70.198.14 , 15
13 , 12182 , 75.98.84.242 , 10
13 , 8075 , 207.46.40.2 , 9
13 , 2914 , 129.250.3.114 , 231
13 , 14744 , 63.251.160.18 , 3
13 , 174 , 154.54.30.54 , 14
13 , 10310 , 216.115.104.116 , 1
13 , 0 , 204.70.198.73 , 58
13 , 45294 , 98.136.16.25 , 3
13 , 10912 , 216.52.220.234 , 5
13 , 0 , 152.63.52.37 , 3
13 , 32421 , 69.28.171.117 , 15
13 , 10913 , 216.52.127.88 , 9
13 , 0 , 152.63.35.113 , 1
13 , 14744 , 63.251.160.7 , 4
13 , -1 ,  , 41
13 , 7018 , 12.118.239.142 , 6
13 , 7029 , 169.130.80.153 , 60
13 , 2914 , 129.250.5.70 , 59
13 , 7018 , 12.122.251.206 , 1
13 , 0 , 152.63.112.225 , 6
13 , 1299 , 80.91.249.180 , 3
13 , 32421 , 69.28.171.78 , 18
13 , 14743 , 63.251.48.206 , 9
13 , 1299 , 80.91.251.250 , 7
13 , 6453 , 64.86.252.58 , 7
13 , 10937 , 64.86.79.2 , 4
13 , 3356 , 4.69.148.141 , 579
13 , 3356 , 4.69.140.153 , 81
13 , 0 , 199.106.176.14 , 4
13 , 45294 , 98.136.16.51 , 2
13 , 17819 , 141.101.117.94 , 20
13 , 0 , 64.125.26.198 , 26
13 , 7018 , 12.86.243.14 , 3
13 , 0 , 152.63.80.49 , 9
13 , 14743 , 63.251.63.1 , 9
13 , 8075 , 207.46.40.120 , 7
13 , 174 , 38.104.135.78 , 4
13 , 0 , 152.63.103.225 , 23
13 , 7922 , 68.86.89.29 , 15
13 , 36752 , 67.195.128.79 , 5
13 , 0 , 204.70.203.89 , 147
13 , 15290 , 64.4.75.50 , 3
13 , 14744 , 63.251.175.174 , 3
13 , 7018 , 12.122.1.142 , 79
13 , 7018 , 12.122.82.17 , 48
13 , 1299 , 80.91.245.29 , 1
13 , 174 , 154.54.44.241 , 8
13 , 7018 , 12.122.28.158 , 120
13 , 2914 , 129.250.2.69 , 3
13 , 0 , 152.63.85.173 , 11
13 , 45294 , 98.136.16.41 , 2
13 , 0 , 152.63.82.145 , 4
13 , 36752 , 209.131.32.39 , 2
13 , 174 , 154.54.0.234 , 2
13 , 174 , 66.28.4.9 , 1
13 , 10911 , 66.151.139.6 , 6
13 , 0 , 64.125.26.14 , 3
13 , 1299 , 213.155.134.13 , 32
13 , 1299 , 213.155.134.135 , 4
13 , 0 , 63.241.130.182 , 24
13 , 0 , 152.63.38.238 , 28
13 , 1299 , 213.155.132.195 , 3
13 , 0 , 64.125.31.73 , 3
13 , 0 , 204.70.203.58 , 15
13 , 174 , 154.54.0.54 , 1
13 , 0 , 64.125.28.233 , 8
13 , 45294 , 98.136.16.45 , 2
13 , 2914 , 129.250.3.89 , 2
13 , 7018 , 12.90.228.14 , 12
13 , 2828 , 216.55.24.6 , 3
13 , 0 , 63.240.193.14 , 2
13 , 0 , 152.63.41.250 , 3
13 , 32934 , 31.13.24.28 , 15
13 , 174 , 38.20.54.206 , 27
13 , 7922 , 68.86.93.62 , 3
13 , 7018 , 12.122.138.173 , 17
13 , 2914 , 129.250.2.21 , 1
13 , 10913 , 216.52.127.83 , 1
13 , 0 , 216.33.4.146 , 15
13 , 7018 , 12.122.2.165 , 12
13 , 17819 , 141.101.124.77 , 3
13 , 7018 , 12.122.141.209 , 12
13 , 2914 , 129.250.194.250 , 23
13 , 1299 , 80.91.254.17 , 2
13 , 12182 , 75.98.84.246 , 20
13 , 21740 , 69.64.152.189 , 12
13 , 36752 , 209.131.32.25 , 3
13 , 45294 , 98.136.16.27 , 4
13 , 7018 , 12.122.153.13 , 59
13 , 11854 , 70.42.26.78 , 3
13 , 2828 , 216.156.100.14 , 14
13 , 7018 , 12.123.157.93 , 3
13 , 7545 , 121.101.138.132 , 3
13 , 7018 , 12.122.2.134 , 42
13 , 852 , 199.212.169.218 , 3
13 , 209 , 63.150.131.43 , 3
13 , 45294 , 98.136.16.33 , 2
13 , 45294 , 98.136.16.31 , 7
13 , 45294 , 98.136.16.49 , 2
13 , 36752 , 209.131.32.147 , 3
13 , 2914 , 129.250.4.4 , 5
13 , 174 , 154.54.47.166 , 9
13 , 45294 , 98.136.16.53 , 3
13 , 1299 , 80.91.247.90 , 1
13 , 0 , 64.125.28.53 , 24
13 , 19548 , 66.109.6.15 , 3
13 , 7018 , 12.122.251.42 , 59
13 , 36752 , 209.131.32.55 , 2
13 , 852 , 199.212.164.142 , 4
13 , 10310 , 216.115.101.195 , 10
13 , 0 , 64.125.30.233 , 48
13 , 6939 , 72.52.92.69 , 17
13 , 0 , 144.232.12.40 , 78
13 , 7018 , 12.122.141.173 , 3
13 , 7018 , 12.122.251.170 , 11
13 , 0 , 152.63.72.69 , 8
13 , 174 , 154.54.85.33 , 2
13 , 7018 , 12.47.204.125 , 3
13 , 7922 , 68.86.87.254 , 20
13 , 1299 , 80.91.248.29 , 35
13 , 14743 , 63.251.63.65 , 11
13 , 0 , 204.70.198.165 , 6
13 , 7018 , 12.130.96.174 , 1
13 , 1299 , 213.155.134.137 , 10
13 , 174 , 154.54.0.230 , 1
13 , 800 , 205.251.229.40 , 83
