1 , 0 , 172.20.10.1 , 156390
2 , 16509 , 172.26.241.63 , 19500
2 , 16509 , 172.26.242.113 , 18915
2 , 16509 , 172.26.241.133 , 5772
2 , 16509 , 172.26.242.53 , 10452
2 , 16509 , 172.26.241.113 , 18330
2 , -1 ,  , 13
2 , 16509 , 172.26.242.123 , 9282
2 , 16509 , 172.26.241.53 , 7176
2 , 16509 , 172.26.242.63 , 42575
2 , 16509 , 172.26.241.123 , 24375
3 , -1 ,  , 1118
3 , 16509 , 172.26.236.2 , 153699
4 , 0 , 172.26.96.11 , 29640
4 , 0 , 172.26.96.10 , 28509
4 , 0 , 172.26.96.3 , 50518
4 , 0 , 172.26.96.2 , 47697
5 , 0 , 172.26.96.193 , 156234
5 , -1 ,  , 52
6 , 0 , 172.16.120.50 , 19500
6 , 0 , 172.16.121.113 , 136734
7 , 7018 , 12.249.2.49 , 136695
7 , 7018 , 12.249.2.53 , 19500
8 , 7018 , 12.83.180.82 , 134927
8 , 7018 , 12.83.180.85 , 1365
8 , 7018 , 12.83.180.94 , 18135
8 , 7018 , 12.83.180.86 , 1755
8 , -1 ,  , 13
9 , 7018 , 12.122.86.197 , 3081
9 , 7018 , 12.122.114.9 , 2418
9 , 7018 , 12.122.110.5 , 39
9 , 7018 , 12.122.110.57 , 546
9 , -1 ,  , 13
9 , 7018 , 12.123.15.161 , 234
9 , 7018 , 12.122.2.42 , 546
9 , 7018 , 12.123.15.250 , 585
9 , 7018 , 12.122.81.201 , 1599
9 , 7018 , 12.122.28.58 , 312
9 , 7018 , 12.123.15.165 , 234
9 , 7018 , 12.122.149.137 , 1638
9 , 7018 , 12.122.137.53 , 39
9 , 7018 , 12.123.15.169 , 390
9 , 7018 , 12.122.200.13 , 2574
9 , 7018 , 12.122.30.145 , 1248
9 , 7018 , 12.122.114.89 , 78
9 , 7018 , 12.122.114.17 , 1950
9 , 7018 , 12.122.114.29 , 12675
9 , 7018 , 12.122.149.133 , 5655
9 , 7018 , 12.122.200.9 , 16770
9 , 7018 , 12.122.86.89 , 5031
9 , 7018 , 12.122.28.54 , 702
9 , 7018 , 12.122.114.13 , 2340
9 , 7018 , 12.122.31.193 , 585
9 , 7018 , 12.122.3.69 , 1755
9 , 7018 , 12.122.30.121 , 195
9 , 7018 , 12.122.86.201 , 585
9 , 7018 , 12.122.4.122 , 10764
9 , 7018 , 12.123.15.110 , 4095
9 , 7018 , 12.122.114.5 , 36439
9 , 7018 , 12.122.81.73 , 12636
9 , 7018 , 12.122.1.118 , 7956
9 , 7018 , 12.83.180.82 , 1365
9 , 7018 , 12.122.3.122 , 15444
9 , 7018 , 12.122.3.70 , 1209
9 , 7018 , 12.83.180.94 , 1755
9 , 7018 , 12.122.86.121 , 663
10 , 7018 , 12.122.146.81 , 156
10 , 7018 , 12.249.51.146 , 546
10 , 0 , 64.125.12.117 , 4563
10 , 7018 , 12.122.137.41 , 429
10 , 0 , 144.232.1.69 , 1911
10 , 7018 , 12.123.159.17 , 156
10 , 7018 , 12.123.157.21 , 156
10 , 7018 , 12.122.30.114 , 546
10 , 7018 , 12.122.133.121 , 39
10 , -1 ,  , 4602
10 , 7018 , 12.122.146.29 , 39
10 , 0 , 192.205.37.86 , 4173
10 , 0 , 192.205.34.154 , 39
10 , 7018 , 12.122.31.190 , 2418
10 , 7018 , 12.122.30.126 , 195
10 , 7018 , 12.122.114.21 , 5577
10 , 7018 , 12.122.28.58 , 195
10 , 7018 , 12.122.114.73 , 78
10 , 7018 , 12.122.90.33 , 351
10 , 7018 , 12.123.15.237 , 195
10 , 7018 , 12.122.133.81 , 143
10 , 0 , 192.205.37.66 , 468
10 , 7018 , 12.122.110.109 , 2184
10 , 0 , 192.205.36.2 , 7605
10 , 7018 , 12.122.3.46 , 156
10 , 7018 , 12.122.146.5 , 39
10 , 1299 , 80.91.252.152 , 13
10 , 7018 , 12.122.128.181 , 507
10 , 7018 , 12.122.136.37 , 39
10 , 0 , 192.205.32.50 , 806
10 , 7018 , 12.122.30.142 , 1092
10 , 0 , 192.205.37.186 , 39
10 , 0 , 192.205.37.190 , 3120
10 , 7018 , 12.122.85.85 , 1404
10 , 7018 , 12.123.15.241 , 195
10 , 0 , 192.205.37.58 , 14313
10 , 7018 , 12.122.137.37 , 312
10 , 7018 , 12.122.133.234 , 390
10 , 7018 , 12.123.30.17 , 234
10 , 7018 , 12.122.31.193 , 1404
10 , 0 , 192.205.33.98 , 9711
10 , 7018 , 12.122.85.81 , 1170
10 , 7018 , 12.122.144.17 , 39
10 , 0 , 192.205.33.50 , 2288
10 , 3549 , 208.51.134.1 , 715
10 , 7018 , 12.122.18.22 , 3900
10 , 7018 , 12.122.30.145 , 741
10 , 7018 , 12.122.90.29 , 546
10 , 7018 , 12.122.110.21 , 195
10 , 0 , 192.205.36.234 , 741
10 , 0 , 192.205.37.2 , 2184
10 , 0 , 192.205.32.210 , 11622
10 , 7018 , 12.122.137.117 , 195
10 , 7018 , 12.122.104.13 , 3835
10 , 7018 , 12.123.30.109 , 117
10 , 7018 , 12.123.7.109 , 1326
10 , 7018 , 12.122.251.126 , 78
10 , 0 , 192.205.33.46 , 2106
10 , 7018 , 12.122.137.113 , 390
10 , 7018 , 12.122.4.122 , 1287
10 , 7018 , 12.122.80.77 , 78
10 , 7018 , 12.91.205.18 , 39
10 , 3257 , 77.67.78.93 , 312
10 , 7018 , 12.122.1.118 , 1092
10 , 7018 , 12.122.28.61 , 273
10 , 7018 , 12.122.2.218 , 39
10 , 7018 , 12.250.30.18 , 39
10 , 7018 , 12.122.146.77 , 234
10 , 7018 , 12.122.2.166 , 4134
10 , 7018 , 12.122.80.29 , 39
10 , 7018 , 12.123.30.5 , 1950
10 , 3549 , 208.178.58.185 , 715
10 , 0 , 192.205.32.46 , 650
10 , 7018 , 12.123.132.130 , 1326
10 , 7018 , 12.122.2.206 , 2106
10 , 7018 , 12.122.28.54 , 1365
10 , 7018 , 12.122.2.54 , 2340
10 , 7018 , 12.122.136.113 , 78
10 , 0 , 192.205.33.38 , 2119
10 , 7018 , 12.122.31.22 , 507
10 , 7018 , 12.123.46.5 , 117
10 , 174 , 154.54.11.45 , 5577
11 , 13385 , 216.221.156.66 , 39
11 , 3356 , 4.69.152.126 , 9256
11 , 7018 , 12.123.206.193 , 39
11 , 1226 , 205.225.130.194 , 273
11 , -1 ,  , 1365
11 , 7922 , 68.86.88.109 , 390
11 , 3257 , 141.136.111.238 , 13
11 , 6453 , 209.58.116.86 , 169
11 , 26415 , 199.16.95.150 , 39
11 , 7018 , 12.122.114.21 , 741
11 , 209 , 205.171.155.34 , 39
11 , 7018 , 12.249.231.26 , 169
11 , 3356 , 4.69.152.4 , 130
11 , 15239 , 64.208.170.138 , 39
11 , 3356 , 4.69.152.203 , 26
11 , 209 , 205.171.12.146 , 325
11 , 7018 , 12.122.110.109 , 325
11 , 0 , 204.255.168.133 , 1521
11 , 3356 , 4.69.152.17 , 182
11 , 3356 , 4.69.152.70 , 91
11 , 1299 , 80.91.254.176 , 169
11 , 7018 , 12.122.2.54 , 273
11 , 7922 , 68.86.87.149 , 39
11 , 1221 , 64.208.241.65 , 39
11 , 7018 , 12.122.146.25 , 156
11 , 0 , 192.205.35.162 , 1755
11 , 0 , 206.28.98.69 , 91
11 , 22566 , 67.17.73.81 , 351
11 , 3549 , 64.211.162.153 , 39
11 , 22566 , 67.17.192.142 , 156
11 , 7018 , 12.122.30.150 , 741
11 , 3257 , 89.149.180.21 , 78
11 , 6453 , 209.58.116.126 , 130
11 , 7018 , 12.122.18.22 , 585
11 , 1299 , 213.248.70.190 , 2496
11 , 7018 , 12.123.158.133 , 117
11 , 3356 , 4.69.152.84 , 260
11 , 7018 , 12.122.146.81 , 234
11 , 3257 , 141.136.110.14 , 26
11 , 7018 , 12.122.148.13 , 78
11 , 3356 , 4.69.152.62 , 9841
11 , 7018 , 12.123.7.109 , 156
11 , 3549 , 64.210.31.162 , 156
11 , 3549 , 64.208.126.105 , 39
11 , 3356 , 4.79.238.18 , 195
11 , 3257 , 89.149.182.134 , 13
11 , 7018 , 12.249.203.10 , 117
11 , 3356 , 4.69.152.148 , 182
11 , 3356 , 4.69.152.198 , 91
11 , 7922 , 68.86.87.9 , 390
11 , 0 , 204.70.198.141 , 26
11 , 209 , 205.171.213.178 , 468
11 , 3549 , 206.41.25.162 , 78
11 , 174 , 66.28.4.54 , 26
11 , 7018 , 12.122.2.206 , 156
11 , 3257 , 89.149.186.186 , 26
11 , 7018 , 12.249.231.14 , 2496
11 , 7018 , 12.250.16.18 , 39
11 , 3356 , 4.79.238.66 , 78
11 , 22566 , 67.16.134.26 , 156
11 , 7018 , 12.122.28.105 , 195
11 , 3356 , 4.69.152.254 , 9698
11 , 7018 , 12.88.177.30 , 156
11 , 7018 , 12.122.30.114 , 195
11 , 3549 , 64.211.194.94 , 39
11 , 0 , 192.205.37.102 , 234
11 , 2828 , 216.156.84.106 , 78
11 , 7018 , 12.123.10.250 , 858
11 , 2828 , 207.88.14.225 , 2522
11 , 7018 , 12.122.128.141 , 39
11 , 3356 , 4.69.152.208 , 13
11 , 1221 , 64.208.241.27 , 78
11 , 7018 , 12.122.133.81 , 39
11 , 3257 , 89.149.184.149 , 13
11 , 1226 , 205.225.130.210 , 273
11 , 3549 , 64.210.12.62 , 234
11 , 3356 , 4.69.152.68 , 104
11 , 0 , 206.28.98.117 , 3068
11 , 7018 , 12.123.10.137 , 2899
11 , 2914 , 129.250.194.162 , 585
11 , 7922 , 68.86.86.49 , 312
11 , 0 , 64.214.150.82 , 117
11 , 1299 , 213.155.135.128 , 286
11 , 7018 , 12.123.206.245 , 39
11 , 209 , 205.171.228.42 , 39
11 , 3356 , 4.69.152.139 , 39
11 , 0 , 64.125.30.177 , 1560
11 , 6453 , 209.58.116.122 , 247
11 , 22566 , 67.17.105.5 , 273
11 , 3356 , 4.69.152.142 , 39
11 , 7018 , 12.122.133.165 , 585
11 , 3356 , 4.69.152.196 , 65
11 , 3549 , 64.209.106.226 , 39
11 , 7018 , 12.123.130.37 , 78
11 , 174 , 154.54.86.110 , 39
11 , 7018 , 12.118.34.10 , 273
11 , 0 , 144.232.7.145 , 1287
11 , 7018 , 12.122.128.137 , 39
11 , 7018 , 12.122.128.145 , 39
11 , 0 , 64.214.196.26 , 39
11 , 6453 , 206.82.141.21 , 104
11 , 7018 , 12.123.206.237 , 78
11 , 174 , 154.54.82.90 , 195
11 , 7018 , 12.123.46.5 , 273
11 , 209 , 205.171.12.110 , 351
11 , 2914 , 129.250.5.56 , 1170
11 , 7018 , 12.122.3.46 , 1196
11 , 3356 , 4.69.152.134 , 39
11 , 1299 , 213.155.135.158 , 195
11 , 1299 , 80.91.253.69 , 260
11 , 3356 , 4.69.152.6 , 169
11 , 1299 , 80.91.252.152 , 104
11 , 3257 , 89.149.182.70 , 39
11 , 7018 , 12.122.254.234 , 104
11 , 4134 , 202.97.52.209 , 39
11 , 3491 , 63.218.94.42 , 39
11 , 3356 , 4.69.152.206 , 39
11 , 7018 , 12.122.251.134 , 390
11 , 7018 , 12.88.241.10 , 663
11 , 7018 , 12.118.34.30 , 78
11 , 1221 , 64.208.241.50 , 39
11 , 7018 , 12.122.18.30 , 39
11 , 3356 , 4.69.152.20 , 234
11 , 0 , 204.70.200.222 , 624
11 , 1221 , 64.208.241.67 , 39
11 , 7018 , 12.91.70.6 , 312
11 , 7922 , 68.86.87.161 , 156
11 , 1221 , 64.208.241.56 , 39
11 , 0 , 216.148.209.162 , 78
11 , 7018 , 12.123.157.21 , 39
11 , 3549 , 64.211.162.82 , 39
11 , 7018 , 12.249.197.6 , 585
11 , 7018 , 12.122.152.189 , 429
11 , 7018 , 12.123.159.17 , 39
11 , 3549 , 64.211.162.170 , 39
11 , 1668 , 66.185.150.80 , 3081
11 , 3356 , 4.69.152.144 , 65
11 , 7018 , 12.122.153.65 , 39
11 , 1299 , 213.155.135.186 , 169
11 , 7018 , 12.122.1.18 , 1755
11 , 6453 , 64.86.142.1 , 312
11 , 7018 , 12.123.130.29 , 39
11 , 7018 , 12.122.146.5 , 429
11 , 3356 , 4.69.152.75 , 39
11 , 7018 , 12.122.133.157 , 741
11 , 1299 , 213.155.130.130 , 78
11 , 7018 , 12.123.158.129 , 78
11 , 7018 , 12.122.251.190 , 182
11 , 1299 , 213.155.130.212 , 117
11 , 1299 , 213.155.135.130 , 91
11 , 209 , 205.171.228.46 , 273
11 , 1299 , 80.91.252.221 , 208
11 , 7018 , 12.122.30.142 , 702
11 , 2914 , 129.250.5.58 , 2080
11 , 1299 , 213.155.134.102 , 65
11 , 1299 , 213.155.135.156 , 299
11 , 7018 , 12.91.226.10 , 3120
11 , 174 , 154.54.86.106 , 13
11 , 7018 , 12.87.58.98 , 39
11 , 7018 , 12.123.140.174 , 195
11 , 7018 , 12.122.113.89 , 117
11 , 3356 , 4.69.152.78 , 13
11 , 7018 , 12.122.2.126 , 2106
11 , 7018 , 12.122.31.89 , 507
11 , 209 , 205.171.18.218 , 195
11 , 209 , 205.171.12.102 , 312
11 , 3549 , 208.50.81.162 , 39
11 , 3320 , 62.154.5.201 , 39
11 , 1221 , 64.208.241.59 , 117
11 , 7018 , 12.249.81.194 , 156
11 , 2914 , 129.250.5.52 , 5473
11 , 2914 , 129.250.4.118 , 1430
11 , 174 , 154.54.7.22 , 39
11 , 3257 , 89.149.180.238 , 39
11 , 7018 , 12.122.144.13 , 117
11 , 0 , 64.125.24.5 , 1092
11 , 7018 , 12.122.99.9 , 390
11 , 3356 , 4.69.152.81 , 234
11 , 1299 , 213.155.130.128 , 338
11 , 0 , 64.125.27.94 , 1911
11 , 0 , 204.70.200.198 , 3133
11 , 2914 , 128.241.219.238 , 975
11 , 2914 , 129.250.4.38 , 195
11 , 1299 , 80.91.248.189 , 260
11 , 7922 , 68.86.86.53 , 312
11 , 7018 , 12.123.206.225 , 117
11 , 3356 , 4.69.152.209 , 299
11 , 7018 , 12.122.144.17 , 39
11 , 2828 , 207.88.14.233 , 507
11 , 3356 , 4.69.152.190 , 8931
11 , 3257 , 89.149.182.21 , 26
11 , 7018 , 12.122.146.77 , 234
11 , 4436 , 69.22.153.182 , 221
11 , 7018 , 12.122.133.234 , 39
11 , 0 , 64.214.150.94 , 39
11 , 7018 , 12.122.254.238 , 104
11 , 7018 , 12.122.146.29 , 78
11 , 7018 , 12.122.28.177 , 4134
11 , 174 , 38.104.138.246 , 65
11 , 7018 , 12.123.206.217 , 39
11 , 7018 , 12.122.1.1 , 1911
11 , 7018 , 12.86.161.230 , 39
11 , 3356 , 4.69.152.132 , 52
11 , 7018 , 12.123.206.249 , 78
11 , 1299 , 80.91.247.170 , 130
11 , 3356 , 4.69.152.145 , 299
11 , 1221 , 64.208.241.57 , 78
11 , 209 , 205.171.12.142 , 299
11 , 1668 , 66.185.152.88 , 520
11 , 209 , 205.171.11.70 , 78
11 , 1221 , 64.208.241.33 , 117
11 , 3491 , 63.218.73.174 , 702
11 , 7018 , 12.88.251.14 , 780
11 , 7018 , 12.91.226.18 , 546
11 , 209 , 205.171.26.134 , 78
11 , 7922 , 68.86.85.65 , 234
11 , 101 , 209.124.179.42 , 39
11 , 3549 , 64.208.126.106 , 39
11 , 1668 , 66.185.152.62 , 533
11 , 7922 , 68.86.87.17 , 351
11 , 174 , 154.54.6.105 , 5226
11 , 3356 , 4.69.152.11 , 13
11 , 7018 , 12.122.5.229 , 351
11 , 3356 , 4.69.152.212 , 221
11 , 4436 , 69.22.153.178 , 169
11 , 1299 , 213.155.135.188 , 169
11 , 3549 , 209.130.172.178 , 273
11 , 1299 , 80.91.248.205 , 234
11 , 209 , 205.171.134.6 , 234
11 , 2914 , 140.174.21.102 , 741
11 , 1299 , 213.155.130.210 , 273
11 , 0 , 204.70.206.57 , 2639
11 , 174 , 38.104.138.42 , 13
11 , 3549 , 146.82.32.154 , 39
11 , 7018 , 12.123.206.221 , 78
11 , 209 , 205.171.251.42 , 351
11 , 1299 , 80.91.245.97 , 78
11 , 7018 , 12.122.30.21 , 546
11 , 1299 , 213.248.80.17 , 169
11 , 6453 , 66.198.144.5 , 130
11 , 0 , 204.70.198.145 , 117
11 , 3356 , 4.69.152.14 , 65
11 , 0 , 144.232.7.147 , 624
11 , 1299 , 213.248.80.0 , 286
12 , 0 , 204.70.192.89 , 1482
12 , 1299 , 80.91.248.202 , 39
12 , 3356 , 4.69.153.21 , 3562
12 , 0 , 216.148.216.86 , 78
12 , 26415 , 208.85.40.50 , 78
12 , 174 , 154.54.85.29 , 182
12 , 7018 , 12.122.30.133 , 585
12 , 7922 , 68.86.88.58 , 39
12 , 0 , 152.63.96.42 , 13
12 , 3320 , 217.6.49.238 , 39
12 , 1299 , 213.155.135.58 , 65
12 , 0 , 64.125.29.230 , 195
12 , 237 , 198.108.23.10 , 39
12 , 1299 , 213.155.135.66 , 39
12 , 0 , 152.63.81.98 , 13
12 , 8121 , 69.36.239.170 , 585
12 , 7018 , 12.87.58.90 , 39
12 , 10310 , 216.115.107.85 , 533
12 , 1299 , 80.91.245.82 , 39
12 , 1299 , 80.91.251.120 , 13
12 , 14744 , 63.251.160.85 , 13
12 , 0 , 144.232.7.125 , 1053
12 , 22566 , 67.16.151.94 , 39
12 , 2914 , 128.241.219.242 , 1924
12 , 0 , 152.63.0.21 , 169
12 , 15133 , 72.21.91.19 , 585
12 , 174 , 154.54.6.74 , 364
12 , 1299 , 213.155.131.150 , 91
12 , 1299 , 80.91.247.19 , 78
12 , 0 , 204.70.197.25 , 273
12 , 0 , 152.63.32.6 , 39
12 , 19548 , 66.109.6.140 , 312
12 , 7922 , 68.86.89.138 , 195
12 , 7922 , 68.86.88.202 , 39
12 , 7018 , 12.90.212.154 , 390
12 , 33554 , 204.16.202.14 , 143
12 , 7018 , 12.122.138.25 , 312
12 , 14744 , 63.251.160.82 , 26
12 , 1668 , 66.185.152.171 , 3094
12 , 7018 , 12.122.133.165 , 78
12 , 0 , 152.63.1.210 , 65
12 , 7018 , 12.86.68.118 , 78
12 , 7922 , 68.86.89.230 , 39
12 , 1226 , 205.225.131.118 , 273
12 , 209 , 72.165.115.114 , 1040
12 , 7922 , 68.86.86.122 , 39
12 , 0 , 64.125.31.234 , 1131
12 , 2914 , 129.250.3.89 , 13
12 , 209 , 65.100.106.38 , 585
12 , 2914 , 129.250.4.24 , 546
12 , 10912 , 216.52.255.47 , 39
12 , 0 , 152.63.98.81 , 52
12 , 7018 , 12.122.105.25 , 39
12 , 209 , 208.44.237.226 , 156
12 , 7018 , 12.90.32.10 , 1404
12 , 101 , 209.124.179.42 , 39
12 , 32421 , 69.28.171.210 , 273
12 , 1299 , 213.155.130.73 , 52
12 , 7018 , 12.123.130.29 , 390
12 , 1299 , 80.91.248.157 , 208
12 , 7922 , 68.86.85.186 , 117
12 , 8075 , 207.46.40.219 , 299
12 , 12182 , 66.151.144.9 , 637
12 , 0 , 64.125.22.34 , 195
12 , 0 , 152.63.2.213 , 39
12 , 7922 , 68.86.88.2 , 78
12 , 4323 , 66.192.241.26 , 546
12 , 209 , 208.47.254.90 , 39
12 , 10912 , 216.52.255.37 , 26
12 , 10912 , 216.52.255.99 , 52
12 , 0 , 152.63.6.122 , 130
12 , 7018 , 12.122.2.126 , 156
12 , 1299 , 80.91.254.88 , 13
12 , 13425 , 64.136.0.29 , 39
12 , 3356 , 4.69.153.13 , 5304
12 , 19548 , 66.109.1.16 , 195
12 , 7018 , 12.129.193.250 , 91
12 , 1299 , 213.155.134.125 , 169
12 , 7018 , 12.122.2.210 , 2106
12 , 29761 , 96.44.180.6 , 78
12 , 1299 , 213.248.80.14 , 117
12 , 7018 , 12.122.140.206 , 78
12 , 0 , 152.63.39.181 , 117
12 , 32934 , 74.119.76.21 , 299
12 , 0 , 152.63.101.86 , 26
12 , 1299 , 80.91.248.174 , 78
12 , 29798 , 209.197.6.202 , 104
12 , 0 , 206.16.68.46 , 104
12 , 1299 , 213.155.135.64 , 91
12 , 10913 , 216.52.127.73 , 13
12 , 0 , 204.70.197.34 , 1482
12 , 0 , 144.232.7.164 , 78
12 , 4323 , 66.192.245.58 , 117
12 , 1299 , 80.91.253.117 , 26
12 , 0 , 152.63.1.241 , 78
12 , 3356 , 4.69.153.1 , 5941
12 , 7922 , 68.86.87.6 , 78
12 , 7922 , 68.86.85.82 , 156
12 , 0 , 152.63.40.46 , 78
12 , 209 , 63.232.5.82 , 78
12 , 1299 , 80.91.251.208 , 26
12 , 7018 , 12.122.134.125 , 39
12 , 209 , 67.135.105.65 , 39
12 , 0 , 152.63.81.102 , 26
12 , 7922 , 68.86.87.146 , 39
12 , 10912 , 216.52.255.86 , 26
12 , 1299 , 80.91.246.67 , 26
12 , 7018 , 12.88.71.86 , 39
12 , 1299 , 213.155.130.3 , 169
12 , 0 , 152.63.43.114 , 78
12 , 6762 , 195.22.210.217 , 65
12 , 7018 , 12.122.251.202 , 65
12 , 15169 , 209.85.249.5 , 845
12 , 7922 , 68.86.89.214 , 117
12 , 6762 , 195.22.210.219 , 26
12 , 29761 , 96.44.180.98 , 585
12 , 209 , 65.126.225.202 , 312
12 , 2914 , 129.250.5.32 , 65
12 , 10912 , 216.52.255.32 , 182
12 , 11854 , 70.42.24.196 , 143
12 , 209 , 65.113.32.206 , 78
12 , 32934 , 204.15.21.164 , 286
12 , 7018 , 12.122.153.65 , 585
12 , 7922 , 68.86.89.118 , 39
12 , 0 , 204.70.200.218 , 624
12 , 4436 , 69.22.130.146 , 182
12 , 12182 , 66.151.144.85 , 78
12 , 7018 , 12.130.96.170 , 221
12 , 209 , 65.119.250.18 , 390
12 , 1299 , 213.155.133.6 , 39
12 , 7018 , 12.127.141.38 , 39
12 , 7018 , 12.122.105.30 , 507
12 , 0 , 152.63.6.2 , 39
12 , 209 , 207.108.59.230 , 78
12 , 7018 , 12.122.146.153 , 117
12 , 1299 , 213.155.133.148 , 26
12 , 7018 , 12.123.140.237 , 156
12 , 11854 , 70.42.24.132 , 247
12 , 22566 , 67.16.167.181 , 312
12 , 852 , 199.212.171.58 , 39
12 , 12182 , 66.151.144.92 , 39
12 , 6453 , 66.198.144.58 , 26
12 , 101 , 209.124.188.142 , 39
12 , 6389 , 74.175.192.197 , 78
12 , 7473 , 203.208.171.34 , 78
12 , 7018 , 12.122.134.121 , 351
12 , 174 , 154.54.86.177 , 91
12 , 209 , 208.47.254.75 , 78
12 , 0 , 204.70.192.69 , 78
12 , 2914 , 140.174.21.182 , 1326
12 , 2914 , 129.250.4.45 , 39
12 , 10912 , 216.52.255.111 , 39
12 , 174 , 154.54.6.29 , 260
12 , 10912 , 216.52.255.120 , 65
12 , 0 , 152.63.1.213 , 78
12 , 7018 , 12.122.251.134 , 39
12 , 7018 , 12.118.34.30 , 429
12 , 7018 , 12.122.5.229 , 702
12 , 0 , 152.63.85.65 , 39
12 , 209 , 67.148.147.49 , 39
12 , 2828 , 216.156.0.154 , 117
12 , 1299 , 213.155.135.56 , 169
12 , 174 , 154.54.2.137 , 156
12 , 209 , 65.123.192.198 , 78
12 , 8121 , 69.36.239.221 , 156
12 , 13030 , 77.109.128.38 , 39
12 , 7018 , 12.88.177.30 , 39
12 , 6453 , 66.198.127.1 , 52
12 , 7018 , 12.87.30.114 , 741
12 , 1299 , 80.91.247.21 , 39
12 , 2828 , 207.88.13.149 , 117
12 , 7018 , 12.122.158.129 , 117
12 , 3356 , 4.69.153.29 , 3757
12 , 0 , 152.63.114.65 , 39
12 , 10912 , 216.52.255.56 , 13
12 , 4323 , 66.192.246.10 , 39
12 , 2828 , 216.156.0.122 , 117
12 , 7922 , 68.86.89.234 , 39
12 , 8075 , 204.152.140.73 , 169
12 , 1299 , 213.155.130.30 , 52
12 , 3356 , 4.53.210.122 , 117
12 , 15169 , 209.85.249.3 , 2561
12 , 12182 , 66.151.144.29 , 39
12 , 3356 , 65.57.244.14 , 117
12 , 3257 , 213.200.73.42 , 78
12 , 1226 , 205.225.131.114 , 273
12 , 10912 , 216.52.255.95 , 26
12 , 209 , 67.148.147.134 , 39
12 , 26415 , 208.85.40.20 , 117
12 , 7018 , 12.123.238.133 , 39
12 , 7922 , 68.86.82.86 , 39
12 , 7018 , 12.122.99.9 , 39
12 , 7018 , 12.122.146.133 , 156
12 , 174 , 154.54.89.97 , 78
12 , 0 , 152.63.2.217 , 13
12 , 12182 , 66.151.144.16 , 78
12 , 0 , 152.63.112.54 , 104
12 , 7018 , 12.122.1.209 , 1209
12 , 3356 , 4.69.153.17 , 3627
12 , 0 , 64.125.25.5 , 312
12 , 7018 , 12.129.193.254 , 65
12 , 0 , 144.232.25.78 , 143
12 , 1299 , 213.248.65.209 , 39
12 , 0 , 204.70.196.246 , 1053
12 , 1299 , 80.91.248.178 , 78
12 , 209 , 65.115.192.18 , 234
12 , 29798 , 209.197.6.206 , 52
12 , 0 , 152.63.40.41 , 143
12 , 209 , 66.77.90.115 , 286
12 , 174 , 154.54.6.150 , 247
12 , 10310 , 216.115.107.57 , 494
12 , 4323 , 66.192.247.66 , 351
12 , 209 , 67.135.105.99 , 13
12 , 0 , 152.63.96.34 , 13
12 , 3356 , 4.53.208.110 , 78
12 , 7296 , 66.226.31.141 , 39
12 , 0 , 64.125.31.157 , 117
12 , 7018 , 12.122.251.198 , 26
12 , 0 , 152.63.81.45 , 299
12 , 2914 , 129.250.3.106 , 819
12 , 3356 , 4.69.153.5 , 5889
12 , 10912 , 216.52.255.31 , 13
12 , 0 , 152.63.5.117 , 52
12 , 3356 , 4.28.8.38 , 351
12 , 4436 , 69.22.153.74 , 208
12 , 209 , 67.148.147.128 , 39
12 , 32787 , 209.200.184.34 , 975
12 , 6762 , 195.22.210.212 , 52
12 , 209 , 63.239.37.170 , 273
12 , 1299 , 213.155.130.59 , 91
12 , 174 , 154.54.1.129 , 273
12 , 1299 , 80.91.246.65 , 52
12 , 0 , 204.70.192.134 , 858
12 , 33419 , 204.11.108.145 , 78
12 , 7018 , 12.90.240.14 , 39
12 , 7018 , 12.122.146.209 , 78
12 , 1299 , 213.155.131.148 , 52
12 , 1668 , 66.185.142.130 , 1053
12 , 14743 , 63.251.63.82 , 65
12 , 0 , 204.70.196.137 , 1443
12 , 0 , 204.70.192.46 , 156
12 , 12050 , 64.129.234.74 , 39
12 , 0 , 64.125.30.137 , 702
12 , 7029 , 64.198.100.105 , 351
12 , 4323 , 66.192.253.186 , 273
12 , 0 , 152.63.43.118 , 130
12 , 1299 , 213.248.65.89 , 13
12 , 1299 , 213.248.65.97 , 39
12 , 174 , 154.54.85.122 , 78
12 , 8075 , 204.152.140.75 , 481
12 , 7018 , 12.122.251.206 , 26
12 , 0 , 152.63.0.34 , 39
12 , 0 , 152.63.5.205 , 195
12 , 2914 , 129.250.2.35 , 78
12 , 174 , 154.54.6.146 , 338
12 , 0 , 204.70.224.209 , 585
12 , 42708 , 80.67.0.134 , 234
12 , 0 , 152.63.96.38 , 78
12 , 2914 , 129.250.6.10 , 585
12 , 174 , 154.54.85.25 , 117
12 , 174 , 38.104.138.90 , 39
12 , 174 , 154.54.81.145 , 234
12 , 174 , 154.54.1.25 , 312
12 , 3356 , 4.69.153.9 , 5980
12 , 174 , 154.54.2.53 , 260
12 , 7018 , 12.123.130.37 , 234
12 , 0 , 152.63.19.209 , 65
12 , 19548 , 66.109.6.136 , 39
12 , 7018 , 12.123.10.250 , 78
12 , 14743 , 63.251.63.17 , 52
12 , 0 , 152.63.96.26 , 39
12 , 2828 , 216.156.0.146 , 39
12 , 4134 , 202.97.52.181 , 39
12 , 0 , 64.125.26.29 , 1053
12 , 7018 , 12.88.17.158 , 39
12 , 7018 , 12.122.30.30 , 546
12 , 10310 , 216.115.100.94 , 156
12 , 7018 , 12.249.197.6 , 65
12 , 7018 , 12.122.152.189 , 39
12 , 1299 , 80.91.248.161 , 169
12 , 8075 , 207.46.40.221 , 351
12 , 7018 , 12.122.133.157 , 78
12 , 7018 , 12.122.28.173 , 897
12 , 22822 , 69.28.172.53 , 468
12 , 3561 , 208.175.172.10 , 234
12 , 174 , 154.54.25.185 , 91
12 , 10912 , 216.52.255.96 , 169
12 , 7922 , 68.86.89.126 , 78
12 , 7018 , 12.87.58.98 , 195
12 , 0 , 152.63.35.14 , 117
12 , 14744 , 63.251.160.20 , 26
12 , 209 , 66.77.90.99 , 182
12 , 209 , 72.164.236.238 , 195
12 , 36632 , 199.7.78.66 , 39
12 , 7018 , 12.122.134.117 , 468
12 , 7922 , 68.86.89.210 , 39
12 , 7018 , 12.122.85.73 , 39
12 , 0 , 152.63.43.122 , 26
12 , 7018 , 12.122.254.50 , 585
12 , 0 , 206.16.68.54 , 130
12 , 7018 , 12.122.30.138 , 1014
12 , 7018 , 12.122.131.169 , 975
12 , 6762 , 195.22.210.210 , 13
12 , 4323 , 66.192.247.154 , 897
12 , 1299 , 80.91.246.69 , 52
12 , 1299 , 80.91.246.63 , 52
12 , 209 , 63.234.235.102 , 624
12 , 7018 , 12.122.142.5 , 117
12 , 7922 , 75.149.231.10 , 195
12 , 7922 , 68.86.89.130 , 234
12 , 2828 , 207.88.14.98 , 312
12 , 7018 , 12.116.103.10 , 39
12 , 0 , 152.63.98.86 , 39
12 , 852 , 199.212.164.202 , 39
12 , 1299 , 80.91.246.59 , 143
12 , 3356 , 4.69.153.25 , 3419
12 , 1299 , 213.155.136.40 , 143
12 , 3356 , 4.53.210.10 , 819
12 , 7018 , 12.86.161.230 , 156
12 , 0 , 64.214.174.246 , 156
12 , 1299 , 213.155.136.39 , 156
12 , 174 , 154.54.84.54 , 299
12 , 7922 , 68.86.89.238 , 117
12 , 8075 , 204.152.140.77 , 429
12 , 12182 , 66.151.144.86 , 104
12 , 1299 , 213.155.130.28 , 65
12 , 209 , 208.47.254.82 , 78
12 , 1299 , 213.155.135.62 , 26
12 , 0 , 204.70.198.117 , 39
12 , 2914 , 129.250.2.96 , 65
12 , 0 , 152.63.103.53 , 65
12 , 7018 , 12.122.138.113 , 897
12 , 0 , 152.63.55.101 , 78
12 , 209 , 208.47.254.33 , 39
12 , 10310 , 216.115.107.81 , 533
12 , 14744 , 63.251.160.18 , 13
12 , 209 , 67.135.105.122 , 52
12 , 1299 , 213.155.131.146 , 91
12 , 7018 , 12.123.238.137 , 39
12 , 7018 , 12.122.112.41 , 78
12 , 7018 , 12.123.154.101 , 156
12 , 14744 , 63.251.160.7 , 39
12 , -1 ,  , 416
12 , 7018 , 12.118.239.142 , 390
12 , 174 , 154.54.86.185 , 273
12 , 2914 , 129.250.4.102 , 5239
12 , 7922 , 68.86.89.134 , 39
12 , 0 , 204.70.197.29 , 507
12 , 7018 , 12.122.146.157 , 39
12 , 10937 , 64.86.79.2 , 104
12 , 0 , 64.125.26.142 , 273
12 , 1299 , 80.91.248.163 , 91
12 , 0 , 152.63.104.178 , 26
12 , 22822 , 69.28.172.78 , 39
12 , 2914 , 129.250.5.237 , 169
12 , 7018 , 12.122.138.189 , 273
12 , 209 , 63.236.112.20 , 78
12 , 14743 , 63.251.63.1 , 39
12 , 10310 , 216.115.101.148 , 234
12 , 0 , 152.63.80.17 , 130
12 , 7018 , 12.249.81.194 , 39
12 , 0 , 152.63.3.89 , 39
12 , 1299 , 213.155.135.70 , 13
12 , 12182 , 66.151.144.71 , 689
12 , 7018 , 12.122.138.1 , 390
12 , 7018 , 12.249.231.14 , 195
12 , 174 , 154.54.5.186 , 104
12 , 7018 , 12.122.3.169 , 39
12 , 32421 , 69.28.171.146 , 234
12 , 209 , 67.148.147.90 , 39
12 , 8075 , 204.152.140.79 , 533
12 , 12182 , 66.151.144.5 , 78
12 , 7922 , 68.86.87.42 , 39
12 , 7018 , 12.123.10.137 , 468
12 , 174 , 154.54.47.250 , 975
12 , 7018 , 12.122.146.205 , 195
12 , 174 , 154.54.83.254 , 13
12 , 1299 , 213.155.131.144 , 182
12 , 2914 , 129.250.3.38 , 533
12 , 2828 , 207.88.12.45 , 351
12 , 10912 , 216.52.255.22 , 91
12 , 7296 , 66.226.31.174 , 78
12 , 32421 , 69.28.171.65 , 39
12 , 0 , 152.63.104.225 , 52
12 , 1299 , 213.155.136.42 , 26
12 , 7922 , 68.86.86.206 , 39
12 , 7018 , 12.123.22.250 , 117
12 , 209 , 72.164.236.178 , 195
12 , 7473 , 203.208.183.162 , 78
12 , 1299 , 213.155.131.85 , 13
12 , 4323 , 66.192.251.154 , 1092
12 , 10310 , 216.115.107.61 , 546
12 , 3356 , 4.31.196.158 , 234
12 , 12182 , 66.151.144.15 , 130
12 , 0 , 204.70.192.98 , 39
12 , 1299 , 213.155.135.60 , 104
12 , 2828 , 207.88.12.70 , 1833
12 , 6453 , 64.86.252.141 , 351
12 , 4323 , 66.192.251.130 , 39
12 , 7018 , 12.116.239.46 , 195
12 , 3356 , 4.28.13.42 , 663
12 , 209 , 67.135.105.131 , 65
12 , 3356 , 4.71.114.38 , 390
12 , 7922 , 68.86.87.2 , 39
12 , 1299 , 80.91.245.80 , 65
12 , 0 , 144.232.7.127 , 585
12 , 1299 , 80.91.248.159 , 78
12 , 7018 , 12.122.100.113 , 312
12 , 6762 , 213.144.183.115 , 13
12 , 7018 , 12.122.113.89 , 39
12 , 174 , 154.54.6.133 , 403
12 , 3257 , 141.136.99.54 , 39
12 , 7018 , 12.122.153.13 , 39
12 , 7018 , 12.123.157.93 , 234
12 , 1299 , 80.91.247.114 , 26
12 , 174 , 154.54.2.129 , 117
12 , 2828 , 207.88.12.57 , 156
12 , 7922 , 68.86.87.142 , 78
12 , 0 , 152.63.101.90 , 26
12 , 0 , 152.63.40.62 , 195
12 , 0 , 152.63.113.22 , 78
12 , 22566 , 67.16.167.177 , 273
12 , 7018 , 12.122.100.118 , 78
12 , 1299 , 213.155.131.76 , 169
12 , 7018 , 12.122.2.14 , 390
12 , 209 , 67.148.147.19 , 39
12 , 174 , 154.54.43.34 , 78
12 , 7922 , 68.86.89.122 , 234
12 , 3356 , 4.53.16.186 , 156
12 , 7018 , 12.122.81.137 , 39
12 , 7018 , 12.122.212.1 , 78
12 , 209 , 67.148.147.145 , 39
12 , 7018 , 12.122.162.13 , 273
12 , 0 , 144.232.20.222 , 52
12 , 7029 , 64.198.101.253 , 312
12 , 14743 , 63.251.63.65 , 78
12 , 7018 , 12.123.46.129 , 156
12 , 209 , 63.151.227.165 , 546
12 , 7018 , 12.122.1.1 , 234
12 , 7018 , 12.130.96.174 , 169
12 , 0 , 204.70.196.213 , 858
12 , 0 , 152.63.7.70 , 39
12 , 0 , 152.63.43.69 , 39
12 , 1299 , 80.91.246.61 , 208
12 , 6762 , 213.144.183.113 , 65
12 , 0 , 64.125.30.125 , 585
12 , 7018 , 12.123.18.249 , 156
13 , 1299 , 213.248.65.26 , 13
13 , 0 , 152.63.116.41 , 104
13 , 0 , 198.151.60.100 , 117
13 , 0 , 152.63.33.161 , 13
13 , 17819 , 108.162.207.77 , 39
13 , 6453 , 216.6.99.45 , 52
13 , 1299 , 213.155.132.195 , 39
13 , 14744 , 63.251.160.78 , 26
13 , 0 , 208.185.20.94 , 312
13 , 0 , 152.63.43.78 , 26
13 , 36752 , 209.131.32.41 , 13
13 , 32787 , 209.200.153.118 , 39
13 , 7018 , 12.122.105.25 , 39
13 , 7018 , 12.122.134.125 , 39
13 , 7018 , 12.87.58.90 , 78
13 , 1299 , 80.91.251.237 , 26
13 , 2914 , 129.250.3.90 , 377
13 , 22566 , 67.16.166.234 , 351
13 , 40098 , 216.20.128.22 , 390
13 , 174 , 154.54.2.209 , 221
13 , 36752 , 209.131.32.23 , 169
13 , 1299 , 80.91.251.120 , 52
13 , 14744 , 63.251.160.85 , 39
13 , 32787 , 209.200.184.54 , 143
13 , 4323 , 216.64.147.86 , 897
13 , 45294 , 98.136.16.29 , 26
13 , 2914 , 129.250.2.186 , 52
13 , 14744 , 206.191.144.78 , 39
13 , 0 , 152.63.35.117 , 39
13 , 2828 , 216.156.0.150 , 39
13 , 22822 , 69.28.144.174 , 390
13 , 174 , 154.54.86.181 , 13
13 , 1299 , 80.239.133.2 , 390
13 , 7018 , 12.122.140.113 , 39
13 , 7018 , 12.123.154.54 , 585
13 , 0 , 152.63.40.21 , 52
13 , 7018 , 12.90.212.154 , 39
13 , 4323 , 64.132.167.2 , 390
13 , 0 , 152.63.116.57 , 39
13 , 0 , 199.106.176.18 , 26
13 , 32787 , 209.200.184.42 , 182
13 , 6762 , 195.22.210.62 , 234
13 , 7018 , 12.122.139.45 , 78
13 , 1668 , 66.185.144.195 , 3120
13 , 1299 , 80.91.247.92 , 39
13 , 8075 , 207.46.43.138 , 481
13 , 0 , 152.63.41.246 , 39
13 , 209 , 72.165.115.114 , 52
13 , 7018 , 12.122.158.129 , 39
13 , 0 , 216.33.4.150 , 429
13 , 174 , 154.54.6.166 , 299
13 , 3356 , 4.69.132.50 , 2353
13 , 2914 , 129.250.24.201 , 195
13 , 36752 , 67.195.128.75 , 26
13 , 6453 , 66.198.127.6 , 13
13 , 22822 , 69.28.172.197 , 39
13 , 29761 , 67.215.253.138 , 208
13 , 4544 , 206.204.250.34 , 117
13 , 1299 , 80.91.247.160 , 26
13 , 22566 , 67.16.166.250 , 234
13 , 0 , 152.63.72.73 , 117
13 , 7018 , 12.123.152.93 , 39
13 , 7018 , 12.116.77.10 , 273
13 , 7018 , 12.90.32.10 , 468
13 , 174 , 154.54.6.37 , 143
13 , 4134 , 202.97.53.205 , 39
13 , 32421 , 69.28.171.210 , 39
13 , 36752 , 209.131.32.17 , 221
13 , 0 , 64.125.22.129 , 39
13 , 8075 , 207.46.46.51 , 156
13 , 0 , 204.70.193.233 , 234
13 , 0 , 152.63.20.150 , 78
13 , 0 , 157.130.80.14 , 26
13 , 0 , 64.125.25.17 , 273
13 , 8075 , 207.46.40.219 , 13
13 , 0 , 204.70.196.70 , 1365
13 , 26496 , 208.109.112.154 , 39
13 , 702 , 146.188.4.82 , 52
13 , 0 , 140.90.111.36 , 78
13 , 174 , 154.54.0.101 , 169
13 , 0 , 206.28.96.30 , 156
13 , 800 , 205.251.229.46 , 234
13 , 1226 , 205.225.181.51 , 546
13 , 12182 , 66.151.147.202 , 78
13 , 174 , 154.54.5.101 , 117
13 , 7018 , 12.91.51.178 , 39
13 , 7473 , 203.208.148.90 , 117
13 , 7018 , 12.122.2.210 , 156
13 , 0 , 63.240.193.10 , 52
13 , 7922 , 23.67.247.74 , 39
13 , 2914 , 129.250.2.54 , 91
13 , 20296 , 216.251.112.6 , 117
13 , 1299 , 213.155.136.201 , 26
13 , 7922 , 68.86.85.142 , 117
13 , 32934 , 74.119.76.21 , 13
13 , 50683 , 193.104.214.94 , 312
13 , 7922 , 68.86.87.38 , 117
13 , 36375 , 192.12.80.38 , 39
13 , 0 , 64.125.26.190 , 234
13 , 15169 , 209.85.250.63 , 338
13 , 0 , 152.63.118.49 , 13
13 , 36752 , 209.131.32.43 , 26
13 , 10913 , 216.52.127.73 , 780
13 , 36752 , 67.195.128.69 , 65
13 , 7296 , 66.226.31.145 , 39
13 , 0 , 204.70.193.26 , 897
13 , 7018 , 12.122.251.166 , 221
13 , 36752 , 209.131.32.21 , 78
13 , 0 , 204.70.197.70 , 585
13 , 7018 , 12.117.247.238 , 429
13 , 10912 , 63.251.209.206 , 78
13 , 0 , 152.63.84.93 , 39
13 , 0 , 152.63.39.138 , 273
13 , 7018 , 12.122.117.49 , 39
13 , 19548 , 66.109.6.7 , 507
13 , 1299 , 80.91.246.115 , 13
13 , 0 , 157.130.80.18 , 169
13 , 30176 , 204.11.48.135 , 13
13 , 8075 , 207.46.40.123 , 52
13 , 852 , 199.212.164.38 , 65
13 , 174 , 154.54.0.222 , 104
13 , 7018 , 12.122.107.118 , 936
13 , 7018 , 12.94.97.22 , 312
13 , 0 , 204.70.193.89 , 273
13 , 2914 , 129.250.3.81 , 156
13 , 3356 , 4.69.132.157 , 312
13 , 45294 , 98.136.16.57 , 26
13 , 0 , 208.214.96.2 , 52
13 , 7018 , 12.88.71.86 , 78
13 , 20940 , 23.63.99.234 , 39
13 , 0 , 64.125.24.17 , 39
13 , 29761 , 96.44.132.90 , 39
13 , 0 , 152.63.118.53 , 26
13 , 7018 , 12.122.251.202 , 26
13 , 0 , 152.63.43.90 , 104
13 , 15169 , 209.85.249.5 , 52
13 , 0 , 56.105.131.6 , 195
13 , 32787 , 209.200.184.201 , 39
13 , 8075 , 207.46.40.28 , 195
13 , 0 , 64.125.30.237 , 507
13 , 174 , 154.54.29.30 , 65
13 , 36752 , 67.195.128.77 , 39
13 , 36351 , 173.192.18.249 , 39
13 , 7018 , 12.123.249.77 , 78
13 , 2914 , 129.250.2.93 , 52
13 , 3356 , 4.69.135.186 , 9529
13 , 29761 , 96.44.181.66 , 39
13 , 0 , 206.28.96.6 , 156
13 , 10310 , 216.115.96.45 , 78
13 , 32934 , 204.15.21.164 , 65
13 , 1273 , 195.2.22.73 , 78
13 , 10913 , 216.52.127.9 , 689
13 , 36752 , 209.131.32.37 , 26
13 , 17819 , 141.101.116.94 , 117
13 , 2828 , 207.88.12.86 , 39
13 , 174 , 154.54.45.77 , 234
13 , 0 , 204.70.196.22 , 78
13 , 33419 , 204.11.109.254 , 78
13 , 7018 , 12.130.96.170 , 26
13 , 15169 , 209.85.250.64 , 312
13 , 174 , 154.54.24.118 , 78
13 , 7018 , 12.122.105.30 , 39
13 , 800 , 205.251.229.44 , 234
13 , 0 , 152.63.85.165 , 91
13 , 2828 , 216.156.1.78 , 117
13 , 1299 , 213.155.132.197 , 13
13 , 7018 , 12.123.140.237 , 39
13 , 2914 , 129.250.2.27 , 39
13 , 852 , 199.212.171.58 , 39
13 , 1299 , 80.91.248.216 , 26
13 , 7922 , 68.86.89.73 , 273
13 , 7018 , 12.122.103.13 , 78
13 , 36752 , 209.131.32.45 , 13
13 , 7922 , 68.86.93.66 , 39
13 , 36752 , 67.195.128.67 , 65
13 , 0 , 208.214.96.6 , 26
13 , 10913 , 216.52.127.19 , 26
13 , 1299 , 213.155.136.75 , 26
13 , 1299 , 80.91.245.27 , 13
13 , 7018 , 12.122.105.61 , 507
13 , 1299 , 80.91.251.124 , 65
13 , 32787 , 72.52.6.10 , 312
13 , 36752 , 209.131.32.19 , 234
13 , 1299 , 80.239.193.54 , 1014
13 , 8075 , 207.46.43.128 , 247
13 , 2914 , 129.250.4.207 , 2457
13 , 0 , 204.70.207.122 , 195
13 , 7018 , 12.118.34.30 , 234
13 , 8075 , 207.46.40.70 , 26
13 , 0 , 152.63.38.242 , 130
13 , 32787 , 209.200.153.117 , 624
13 , 45294 , 98.136.16.61 , 13
13 , 4323 , 64.132.86.118 , 1092
13 , 7018 , 12.87.30.114 , 78
13 , 14743 , 63.251.61.18 , 117
13 , 174 , 154.54.0.238 , 52
13 , 1299 , 80.91.251.248 , 52
13 , 1299 , 80.91.247.185 , 143
13 , 852 , 199.212.164.206 , 65
13 , 45294 , 98.136.16.43 , 13
13 , 12182 , 69.25.56.66 , 1170
13 , 8075 , 207.46.47.66 , 52
13 , 10310 , 216.115.96.40 , 26
13 , 32787 , 209.200.184.46 , 169
13 , 12182 , 74.217.69.98 , 78
13 , 10913 , 216.52.127.34 , 78
13 , 8121 , 65.50.204.150 , 585
13 , 32934 , 31.13.24.42 , 351
13 , 10912 , 216.52.223.218 , 39
13 , 0 , 152.63.36.34 , 26
13 , 174 , 38.20.54.210 , 286
13 , 8075 , 204.152.140.73 , 117
13 , 1299 , 213.248.97.222 , 624
13 , 174 , 154.54.45.65 , 78
13 , 15169 , 209.85.249.3 , 299
13 , 3549 , 216.225.128.34 , 39
13 , 174 , 154.54.6.162 , 130
13 , 2914 , 129.250.5.43 , 260
13 , 36752 , 67.195.128.71 , 13
13 , 36752 , 209.131.32.49 , 13
13 , 0 , 204.70.197.14 , 455
13 , 17338 , 68.66.15.230 , 39
13 , 0 , 152.63.40.17 , 65
13 , 7018 , 12.122.5.190 , 156
13 , 22414 , 208.82.236.225 , 585
13 , 174 , 154.54.0.142 , 104
13 , 0 , 64.125.28.17 , 156
13 , 1299 , 213.248.79.2 , 117
13 , 3356 , 4.69.134.37 , 195
13 , 36752 , 209.131.32.31 , 39
13 , 45294 , 98.136.16.21 , 78
13 , 0 , 63.241.130.178 , 325
13 , 2914 , 129.250.2.73 , 13
13 , 7018 , 12.122.107.85 , 1170
13 , 0 , 56.105.131.13 , 390
13 , 1299 , 80.91.249.170 , 26
13 , 7922 , 68.86.86.118 , 117
13 , 15169 , 209.85.250.66 , 364
13 , 7018 , 12.122.140.1 , 78
13 , 36752 , 209.131.32.27 , 39
13 , 0 , 204.70.224.253 , 195
13 , 174 , 154.54.44.237 , 13
13 , 8075 , 207.46.40.138 , 273
13 , 2914 , 129.250.4.202 , 780
13 , 0 , 152.63.112.221 , 91
13 , 10310 , 216.115.96.204 , 78
13 , 2828 , 207.88.13.65 , 1014
13 , 852 , 199.212.164.138 , 130
13 , 7018 , 12.119.171.74 , 39
13 , 0 , 64.125.25.54 , 234
13 , 101 , 209.124.188.132 , 39
13 , 209 , 63.150.131.16 , 39
13 , 101 , 209.124.188.143 , 39
13 , 0 , 64.125.27.34 , 156
13 , 7922 , 68.86.85.146 , 78
13 , 2828 , 216.156.1.62 , 117
13 , 1299 , 80.91.246.97 , 13
13 , 30176 , 204.11.48.130 , 26
13 , 174 , 38.99.107.218 , 78
13 , 36752 , 209.131.32.47 , 26
13 , 2914 , 129.250.2.85 , 234
13 , 0 , 144.232.12.40 , 806
13 , 3356 , 4.69.132.58 , 3367
13 , 36752 , 67.195.128.65 , 65
13 , 8075 , 207.46.40.8 , 91
13 , 7018 , 12.249.185.166 , 39
13 , 174 , 154.54.5.70 , 26
13 , 0 , 64.125.30.49 , 585
13 , 2914 , 129.250.2.145 , 156
13 , 174 , 154.54.44.245 , 78
13 , 10913 , 216.52.127.31 , 325
13 , 0 , 152.63.42.6 , 39
13 , 32787 , 209.200.184.34 , 1404
13 , 0 , 144.232.2.85 , 182
13 , 2828 , 207.88.14.186 , 195
13 , 2828 , 216.156.0.22 , 546
13 , 2152 , 137.164.47.133 , 156
13 , 0 , 204.70.195.122 , 663
13 , 7018 , 12.122.251.110 , 195
13 , 0 , 64.125.26.230 , 39
13 , 2828 , 207.88.12.41 , 78
13 , 36351 , 173.192.18.165 , 780
13 , 174 , 154.54.0.226 , 39
13 , 0 , 64.125.28.237 , 156
13 , 0 , 152.63.24.42 , 39
13 , 45294 , 98.136.16.63 , 52
13 , 7018 , 12.249.213.34 , 143
13 , 7018 , 12.122.104.69 , 195
13 , 1299 , 80.91.247.88 , 13
13 , 8075 , 204.152.140.75 , 117
13 , 0 , 204.70.200.1 , 78
13 , 0 , 64.125.24.29 , 39
13 , 32934 , 31.13.31.18 , 39
13 , 7385 , 209.63.100.129 , 78
13 , 10913 , 216.52.127.87 , 143
13 , 0 , 144.232.25.240 , 130
13 , 1299 , 213.155.133.3 , 39
13 , 0 , 204.70.195.118 , 234
13 , 36752 , 67.195.128.73 , 13
13 , 0 , 180.87.15.25 , 273
13 , 7018 , 12.123.249.73 , 39
13 , 174 , 154.54.80.202 , 13
13 , 36752 , 209.131.32.149 , 78
13 , 10912 , 63.251.195.98 , 78
13 , 7922 , 68.86.89.33 , 312
13 , 0 , 204.70.197.241 , 78
13 , 36752 , 209.131.32.29 , 13
13 , 7018 , 12.116.77.34 , 546
13 , 7018 , 12.122.31.126 , 390
13 , 36752 , 209.131.32.33 , 26
13 , 45294 , 98.136.16.23 , 39
13 , 0 , 152.63.35.250 , 13
13 , 1299 , 80.91.250.241 , 26
13 , 7018 , 12.249.214.14 , 351
13 , 10912 , 216.52.220.218 , 117
13 , 15169 , 209.85.250.60 , 312
13 , 0 , 204.70.224.249 , 39
13 , 7922 , 68.86.89.202 , 156
13 , 10913 , 216.52.127.70 , 338
13 , 26458 , 98.158.26.14 , 351
13 , 7018 , 12.88.17.158 , 156
13 , 174 , 154.54.5.182 , 13
13 , 7018 , 12.81.32.112 , 78
13 , 8075 , 207.46.40.89 , 39
13 , 45294 , 98.136.16.35 , 26
13 , 0 , 198.151.60.105 , 78
13 , 174 , 154.54.13.218 , 585
13 , 8075 , 207.46.40.221 , 26
13 , 3356 , 4.69.132.10 , 6487
13 , 12050 , 64.129.129.74 , 585
13 , 45102 , 205.204.119.14 , 78
13 , 15169 , 64.233.174.109 , 1872
13 , 852 , 199.212.164.18 , 26
13 , 3356 , 4.69.148.137 , 7150
13 , 13030 , 77.109.128.222 , 39
13 , 22822 , 69.28.172.53 , 78
13 , 7922 , 68.86.86.58 , 39
13 , 45294 , 98.136.16.19 , 13
13 , 0 , 144.232.12.42 , 494
13 , 0 , 204.70.198.18 , 78
13 , 0 , 152.63.103.229 , 195
13 , 7018 , 12.87.58.98 , 78
13 , 1299 , 80.91.246.147 , 13
13 , 5078 , 164.58.15.41 , 195
13 , 14744 , 63.251.160.20 , 117
13 , 7922 , 68.86.86.218 , 78
13 , 2828 , 207.88.12.1 , 351
13 , 2914 , 129.250.5.47 , 169
13 , 32421 , 69.28.171.194 , 39
13 , 15290 , 66.46.99.242 , 39
13 , 7018 , 12.122.134.117 , 39
13 , 702 , 146.188.6.166 , 91
13 , 0 , 152.63.52.33 , 117
13 , 30085 , 208.95.172.130 , 156
13 , 36752 , 209.131.32.79 , 26
13 , 10913 , 216.52.127.33 , 169
13 , 7018 , 12.122.129.241 , 78
13 , 8075 , 207.46.43.32 , 52
13 , 32934 , 31.13.31.20 , 26
13 , 7018 , 12.122.131.169 , 117
13 , 10310 , 216.115.101.109 , 65
13 , 45294 , 98.136.16.17 , 13
13 , 0 , 144.232.2.87 , 195
13 , 15169 , 64.233.174.119 , 429
13 , 20296 , 216.251.112.14 , 468
13 , 0 , 64.125.31.17 , 312
13 , 2906 , 208.75.77.193 , 663
13 , 1299 , 80.91.247.25 , 13
13 , 174 , 154.54.24.110 , 117
13 , 2828 , 207.88.14.98 , 13
13 , 0 , 64.125.26.25 , 78
13 , 174 , 66.28.4.5 , 13
13 , 1299 , 80.91.247.189 , 26
13 , 852 , 199.212.164.202 , 13
13 , 0 , 152.63.20.146 , 78
13 , 0 , 64.125.26.138 , 156
13 , 4837 , 219.158.97.229 , 39
13 , 32421 , 69.28.171.206 , 78
13 , 0 , 64.125.29.2 , 39
13 , 7018 , 12.122.2.14 , 39
13 , 8075 , 204.152.140.77 , 39
13 , 174 , 154.54.45.61 , 104
13 , 174 , 154.54.45.81 , 273
13 , 101 , 209.124.179.42 , 39
13 , 174 , 154.54.25.189 , 39
13 , 0 , 144.232.25.242 , 78
13 , 1299 , 213.155.133.5 , 13
13 , 0 , 64.125.31.201 , 78
13 , 36752 , 209.131.32.151 , 39
13 , 0 , 204.70.198.14 , 156
13 , 12182 , 75.98.84.242 , 130
13 , 8075 , 207.46.40.2 , 117
13 , 2914 , 129.250.3.114 , 2301
13 , 14744 , 63.251.160.18 , 39
13 , 174 , 154.54.30.54 , 143
13 , 10310 , 216.115.104.116 , 13
13 , 0 , 204.70.198.73 , 624
13 , 45294 , 98.136.16.25 , 26
13 , 10912 , 216.52.220.234 , 65
13 , 0 , 152.63.52.37 , 39
13 , 32421 , 69.28.171.117 , 195
13 , 10913 , 216.52.127.88 , 117
13 , 0 , 152.63.35.113 , 13
13 , 14744 , 63.251.160.7 , 52
13 , -1 ,  , 494
13 , 7018 , 12.118.239.142 , 78
13 , 7029 , 169.130.80.153 , 663
13 , 2914 , 129.250.5.70 , 585
13 , 7018 , 12.122.251.206 , 13
13 , 0 , 152.63.112.225 , 78
13 , 1299 , 80.91.249.180 , 39
13 , 32421 , 69.28.171.78 , 234
13 , 14743 , 63.251.48.206 , 117
13 , 1299 , 80.91.251.250 , 78
13 , 6453 , 64.86.252.58 , 91
13 , 10937 , 64.86.79.2 , 52
13 , 3356 , 4.69.148.141 , 6734
13 , 3356 , 4.69.140.153 , 1014
13 , 0 , 199.106.176.14 , 26
13 , 45294 , 98.136.16.51 , 13
13 , 17819 , 141.101.117.94 , 195
13 , 0 , 64.125.26.198 , 195
13 , 7018 , 12.86.243.14 , 39
13 , 0 , 152.63.80.49 , 117
13 , 14743 , 63.251.63.1 , 78
13 , 8075 , 207.46.40.120 , 91
13 , 174 , 38.104.135.78 , 39
13 , 0 , 152.63.103.225 , 195
13 , 7922 , 68.86.89.29 , 156
13 , 36752 , 67.195.128.79 , 65
13 , 0 , 204.70.203.89 , 1482
13 , 15290 , 64.4.75.50 , 39
13 , 14744 , 63.251.175.174 , 39
13 , 7018 , 12.122.1.142 , 780
13 , 45294 , 98.136.16.59 , 13
13 , 7018 , 12.122.82.17 , 624
13 , 1299 , 80.91.245.29 , 13
13 , 174 , 154.54.44.241 , 91
13 , 7018 , 12.122.28.158 , 1209
13 , 2914 , 129.250.2.69 , 39
13 , 0 , 152.63.85.173 , 143
13 , 45294 , 98.136.16.41 , 26
13 , 0 , 152.63.82.145 , 39
13 , 36752 , 209.131.32.39 , 26
13 , 174 , 154.54.0.234 , 13
13 , 174 , 66.28.4.9 , 13
13 , 10911 , 66.151.139.6 , 78
13 , 1299 , 213.155.134.13 , 286
13 , 1299 , 213.155.134.135 , 26
13 , 0 , 63.241.130.182 , 260
13 , 0 , 152.63.38.238 , 260
13 , 0 , 64.125.31.73 , 39
13 , 0 , 204.70.203.58 , 156
13 , 174 , 154.54.0.54 , 13
13 , 0 , 64.125.28.233 , 39
13 , 45294 , 98.136.16.45 , 13
13 , 2914 , 129.250.3.89 , 26
13 , 7018 , 12.90.228.14 , 156
13 , 2828 , 216.55.24.6 , 39
13 , 0 , 63.240.193.14 , 13
13 , 0 , 152.63.41.250 , 13
13 , 32934 , 31.13.24.28 , 169
13 , 174 , 38.20.54.206 , 299
13 , 7922 , 68.86.93.62 , 39
13 , 7018 , 12.122.138.173 , 156
13 , 2914 , 129.250.2.21 , 13
13 , 10913 , 216.52.127.83 , 13
13 , 0 , 216.33.4.146 , 195
13 , 7018 , 12.122.2.165 , 156
13 , 17819 , 141.101.124.77 , 39
13 , 7018 , 12.122.141.209 , 117
13 , 2914 , 129.250.194.250 , 234
13 , 1299 , 80.91.254.17 , 26
13 , 12182 , 75.98.84.246 , 260
13 , 21740 , 69.64.152.189 , 156
13 , 36752 , 209.131.32.25 , 39
13 , 45294 , 98.136.16.27 , 26
13 , 7018 , 12.122.153.13 , 585
13 , 2828 , 216.156.100.14 , 117
13 , 7018 , 12.123.157.93 , 39
13 , 7545 , 121.101.138.132 , 39
13 , 7018 , 12.122.2.134 , 351
13 , 852 , 199.212.169.218 , 39
13 , 209 , 63.150.131.43 , 39
13 , 45294 , 98.136.16.33 , 26
13 , 45294 , 98.136.16.31 , 91
13 , 45294 , 98.136.16.49 , 13
13 , 36752 , 209.131.32.147 , 13
13 , 2914 , 129.250.4.4 , 65
13 , 174 , 154.54.47.166 , 117
13 , 45294 , 98.136.16.53 , 39
13 , 1299 , 80.91.247.90 , 13
13 , 0 , 64.125.28.53 , 273
13 , 19548 , 66.109.6.15 , 39
13 , 7018 , 12.122.251.42 , 585
13 , 36752 , 209.131.32.55 , 13
13 , 852 , 199.212.164.142 , 52
13 , 10310 , 216.115.101.195 , 104
13 , 0 , 64.125.30.233 , 585
13 , 6939 , 72.52.92.69 , 156
13 , 7018 , 12.123.22.110 , 429
13 , 7018 , 12.122.141.173 , 39
13 , 7018 , 12.122.251.170 , 91
13 , 0 , 152.63.72.69 , 78
13 , 174 , 154.54.85.33 , 26
13 , 7018 , 12.47.204.125 , 39
13 , 7922 , 68.86.87.254 , 195
13 , 1299 , 80.91.248.29 , 403
13 , 14743 , 63.251.63.65 , 117
13 , 0 , 204.70.198.165 , 78
13 , 7018 , 12.130.96.174 , 13
13 , 1299 , 213.155.134.137 , 104
13 , 174 , 154.54.0.230 , 13
13 , 800 , 205.251.229.40 , 858
